Time,Calibrated_Karup_at_Hagebro,Calibrated_Karup_at_Karup
01/01/1970 12:00,16.8596,7.68232
02/01/1970 12:00,15.6542,7.19735
03/01/1970 12:00,15.2101,6.96623
04/01/1970 12:00,14.821,6.76123
05/01/1970 12:00,14.5086,6.61589
06/01/1970 12:00,14.1894,6.46904
07/01/1970 12:00,13.9402,6.36767
08/01/1970 12:00,13.6684,6.26239
09/01/1970 12:00,13.3864,6.14524
10/01/1970 12:00,13.1186,6.03791
11/01/1970 12:00,12.8912,5.93914
12/01/1970 12:00,12.6876,5.85014
13/01/1970 12:00,12.4945,5.76551
14/01/1970 12:00,12.3073,5.68894
15/01/1970 12:00,12.1317,5.62155
16/01/1970 12:00,11.9742,5.55393
17/01/1970 12:00,11.8355,5.49854
18/01/1970 12:00,11.6957,5.44324
19/01/1970 12:00,11.5422,5.37898
20/01/1970 12:00,11.3766,5.3166
21/01/1970 12:00,11.2162,5.25811
22/01/1970 12:00,11.0719,5.19663
23/01/1970 12:00,10.9232,5.13495
24/01/1970 12:00,10.7813,5.07965
25/01/1970 12:00,10.6463,5.02451
26/01/1970 12:00,10.5054,4.96109
27/01/1970 12:00,10.4446,4.91913
28/01/1970 12:00,10.3485,4.88494
29/01/1970 12:00,10.2439,4.84056
30/01/1970 12:00,10.135,4.79786
31/01/1970 12:00,10.0373,4.7578
01/02/1970 12:00,9.93415,4.71753
02/02/1970 12:00,9.82959,4.67542
03/02/1970 12:00,9.72978,4.63285
04/02/1970 12:00,9.718,4.58435
05/02/1970 12:00,9.71991,4.56629
06/02/1970 12:00,9.67563,4.56907
07/02/1970 12:00,9.60673,4.5592
08/02/1970 12:00,9.51253,4.53242
09/02/1970 12:00,9.52636,4.52039
10/02/1970 12:00,9.48761,4.5183
11/02/1970 12:00,9.48332,4.50699
12/02/1970 12:00,9.42142,4.48822
13/02/1970 12:00,9.32185,4.45758
14/02/1970 12:00,9.21827,4.41429
15/02/1970 12:00,9.11453,4.3741
16/02/1970 12:00,9.0393,4.33737
17/02/1970 12:00,8.95607,4.29639
18/02/1970 12:00,8.88863,4.26617
19/02/1970 12:00,8.79515,4.22768
20/02/1970 12:00,8.70956,4.19239
21/02/1970 12:00,8.653,4.15619
22/02/1970 12:00,8.60596,4.13352
23/02/1970 12:00,8.54553,4.10905
24/02/1970 12:00,8.50669,4.08716
25/02/1970 12:00,8.49822,4.06953
26/02/1970 12:00,8.50034,4.05537
27/02/1970 12:00,8.44604,4.03366
28/02/1970 12:00,8.37382,4.00962
01/03/1970 12:00,8.29023,3.97981
02/03/1970 12:00,8.25729,3.94818
03/03/1970 12:00,8.19394,3.93057
04/03/1970 12:00,8.13283,3.91171
05/03/1970 12:00,8.07784,3.89327
06/03/1970 12:00,8.01663,3.86749
07/03/1970 12:00,8.0526,3.85619
08/03/1970 12:00,8.09228,3.85156
09/03/1970 12:00,8.15877,3.85371
10/03/1970 12:00,8.13218,3.85163
11/03/1970 12:00,8.06321,3.83337
12/03/1970 12:00,7.98154,3.81164
13/03/1970 12:00,7.90112,3.78678
14/03/1970 12:00,7.8267,3.75653
15/03/1970 12:00,7.76441,3.73541
16/03/1970 12:00,7.69087,3.70889
17/03/1970 12:00,7.64758,3.68949
18/03/1970 12:00,7.66775,3.6728
19/03/1970 12:00,7.77928,3.67201
20/03/1970 12:00,7.83182,3.6998
21/03/1970 12:00,7.82855,3.71589
22/03/1970 12:00,7.88557,3.72313
23/03/1970 12:00,7.93413,3.7387
24/03/1970 12:00,7.97713,3.75711
25/03/1970 12:00,7.909,3.74494
26/03/1970 12:00,7.80956,3.71739
27/03/1970 12:00,7.71788,3.68859
28/03/1970 12:00,7.69981,3.64942
29/03/1970 12:00,7.69559,3.61674
30/03/1970 12:00,7.64933,3.59816
31/03/1970 12:00,7.6051,3.57512
01/04/1970 12:00,7.60037,3.56735
02/04/1970 12:00,7.68066,3.58512
03/04/1970 12:00,7.76314,3.60969
04/04/1970 12:00,7.71984,3.60875
05/04/1970 12:00,7.64984,3.59056
06/04/1970 12:00,7.61952,3.57235
07/04/1970 12:00,7.59595,3.5556
08/04/1970 12:00,7.50808,3.52717
09/04/1970 12:00,7.46515,3.5085
10/04/1970 12:00,7.38821,3.48069
11/04/1970 12:00,7.33343,3.45605
12/04/1970 12:00,7.38857,3.44797
13/04/1970 12:00,7.41418,3.45141
14/04/1970 12:00,7.38013,3.44458
15/04/1970 12:00,7.2861,3.4161
16/04/1970 12:00,7.22657,3.39403
17/04/1970 12:00,7.22985,3.37957
18/04/1970 12:00,7.20684,3.36432
19/04/1970 12:00,7.18771,3.35907
20/04/1970 12:00,7.17794,3.35358
21/04/1970 12:00,7.16073,3.3496
22/04/1970 12:00,7.12274,3.33044
23/04/1970 12:00,7.19374,3.32576
24/04/1970 12:00,7.4349,3.37683
25/04/1970 12:00,7.49117,3.42689
26/04/1970 12:00,7.47782,3.43754
27/04/1970 12:00,7.43685,3.42148
28/04/1970 12:00,7.33227,3.40271
29/04/1970 12:00,7.23007,3.36832
30/04/1970 12:00,7.27433,3.34704
01/05/1970 12:00,7.23862,3.33849
02/05/1970 12:00,7.17592,3.33047
03/05/1970 12:00,7.09887,3.31172
04/05/1970 12:00,7.00696,3.27437
05/05/1970 12:00,6.89926,3.23552
06/05/1970 12:00,6.79314,3.19484
07/05/1970 12:00,6.68246,3.15212
08/05/1970 12:00,6.60531,3.11661
09/05/1970 12:00,6.549,3.09285
10/05/1970 12:00,6.49767,3.07173
11/05/1970 12:00,6.44195,3.05207
12/05/1970 12:00,6.39465,3.03192
13/05/1970 12:00,6.37845,3.026
14/05/1970 12:00,6.35978,3.01248
15/05/1970 12:00,6.34261,3.01212
16/05/1970 12:00,6.30863,3.00504
17/05/1970 12:00,6.2873,2.99632
18/05/1970 12:00,6.267,2.98754
19/05/1970 12:00,6.25345,2.97948
20/05/1970 12:00,6.23074,2.96992
21/05/1970 12:00,6.22437,2.95995
22/05/1970 12:00,6.25854,2.95388
23/05/1970 12:00,6.29225,2.96269
24/05/1970 12:00,6.29611,2.97835
25/05/1970 12:00,6.2715,2.97478
26/05/1970 12:00,6.24187,2.9674
27/05/1970 12:00,6.20368,2.95514
28/05/1970 12:00,6.17826,2.94771
29/05/1970 12:00,6.13127,2.93847
30/05/1970 12:00,6.14224,2.93121
31/05/1970 12:00,6.11223,2.92142
01/06/1970 12:00,6.07095,2.90822
02/06/1970 12:00,6.02557,2.89381
03/06/1970 12:00,5.98979,2.87909
04/06/1970 12:00,5.93719,2.85979
05/06/1970 12:00,5.89346,2.84854
06/06/1970 12:00,5.84063,2.83073
07/06/1970 12:00,5.80577,2.81838
08/06/1970 12:00,5.76907,2.80507
09/06/1970 12:00,5.73368,2.79061
10/06/1970 12:00,5.70147,2.77692
11/06/1970 12:00,5.6703,2.76691
12/06/1970 12:00,5.63845,2.7589
13/06/1970 12:00,5.61939,2.75073
14/06/1970 12:00,5.59735,2.74342
15/06/1970 12:00,5.57912,2.73604
16/06/1970 12:00,5.55665,2.72851
17/06/1970 12:00,5.54242,2.7217
18/06/1970 12:00,5.52323,2.7164
19/06/1970 12:00,5.50132,2.70911
20/06/1970 12:00,5.47987,2.70166
21/06/1970 12:00,5.45868,2.69438
22/06/1970 12:00,5.44531,2.68974
23/06/1970 12:00,5.43099,2.68266
24/06/1970 12:00,5.41603,2.67707
25/06/1970 12:00,5.41027,2.6739
26/06/1970 12:00,5.43058,2.67541
27/06/1970 12:00,5.43139,2.67355
28/06/1970 12:00,5.42175,2.67228
29/06/1970 12:00,5.41217,2.66747
30/06/1970 12:00,5.41425,2.66039
01/07/1970 12:00,5.47489,2.67146
02/07/1970 12:00,5.50559,2.67865
03/07/1970 12:00,5.52476,2.68946
04/07/1970 12:00,5.54889,2.70451
05/07/1970 12:00,5.54578,2.71576
06/07/1970 12:00,5.52621,2.72297
07/07/1970 12:00,5.50429,2.72085
08/07/1970 12:00,5.46647,2.71389
09/07/1970 12:00,5.42997,2.70445
10/07/1970 12:00,5.40336,2.6936
11/07/1970 12:00,5.40036,2.68499
12/07/1970 12:00,5.43039,2.67779
13/07/1970 12:00,5.43031,2.67219
14/07/1970 12:00,5.41527,2.66714
15/07/1970 12:00,5.42281,2.66863
16/07/1970 12:00,5.44938,2.66331
17/07/1970 12:00,5.44131,2.659
18/07/1970 12:00,5.41314,2.65477
19/07/1970 12:00,5.39418,2.64746
20/07/1970 12:00,5.38,2.64444
21/07/1970 12:00,5.39861,2.64059
22/07/1970 12:00,5.36422,2.63128
23/07/1970 12:00,5.35242,2.62416
24/07/1970 12:00,5.34471,2.61926
25/07/1970 12:00,5.34774,2.62044
26/07/1970 12:00,5.45938,2.62493
27/07/1970 12:00,5.56412,2.64853
28/07/1970 12:00,5.60444,2.68129
29/07/1970 12:00,5.64984,2.71936
30/07/1970 12:00,5.65807,2.75725
31/07/1970 12:00,5.63097,2.78402
01/08/1970 12:00,5.55989,2.76541
02/08/1970 12:00,5.49931,2.74262
03/08/1970 12:00,5.42723,2.70918
04/08/1970 12:00,5.3762,2.68594
05/08/1970 12:00,5.32508,2.6498
06/08/1970 12:00,5.28644,2.63102
07/08/1970 12:00,5.24883,2.61089
08/08/1970 12:00,5.20494,2.58999
09/08/1970 12:00,5.16673,2.56508
10/08/1970 12:00,5.14855,2.55091
11/08/1970 12:00,5.17486,2.55381
12/08/1970 12:00,5.17556,2.55401
13/08/1970 12:00,5.17069,2.55596
14/08/1970 12:00,5.1548,2.55099
15/08/1970 12:00,5.13985,2.54919
16/08/1970 12:00,5.10731,2.53296
17/08/1970 12:00,5.09466,2.52597
18/08/1970 12:00,5.11607,2.53168
19/08/1970 12:00,5.13219,2.53569
20/08/1970 12:00,5.16687,2.53563
21/08/1970 12:00,5.15367,2.53016
22/08/1970 12:00,5.10344,2.51136
23/08/1970 12:00,5.07775,2.50537
24/08/1970 12:00,5.04329,2.49163
25/08/1970 12:00,5.01542,2.48354
26/08/1970 12:00,4.99328,2.47354
27/08/1970 12:00,4.97852,2.46459
28/08/1970 12:00,4.96799,2.45994
29/08/1970 12:00,4.9506,2.45364
30/08/1970 12:00,4.93873,2.448
31/08/1970 12:00,4.91908,2.44397
01/09/1970 12:00,4.90632,2.43789
02/09/1970 12:00,4.93601,2.43382
03/09/1970 12:00,4.94983,2.43568
04/09/1970 12:00,4.95989,2.44001
05/09/1970 12:00,4.98204,2.44798
06/09/1970 12:00,5.0174,2.46297
07/09/1970 12:00,5.0514,2.46911
08/09/1970 12:00,5.06204,2.48532
09/09/1970 12:00,5.04794,2.48188
10/09/1970 12:00,5.08869,2.48604
11/09/1970 12:00,5.13139,2.4861
12/09/1970 12:00,5.16625,2.49913
13/09/1970 12:00,5.18746,2.5184
14/09/1970 12:00,5.2629,2.5434
15/09/1970 12:00,5.32995,2.569
16/09/1970 12:00,5.36935,2.60694
17/09/1970 12:00,5.41767,2.63359
18/09/1970 12:00,5.63704,2.66585
19/09/1970 12:00,5.67255,2.70255
20/09/1970 12:00,5.62323,2.7206
21/09/1970 12:00,5.52841,2.6982
22/09/1970 12:00,5.485,2.67424
23/09/1970 12:00,5.40577,2.64854
24/09/1970 12:00,5.32925,2.61444
25/09/1970 12:00,5.26286,2.58379
26/09/1970 12:00,5.20475,2.55591
27/09/1970 12:00,5.18555,2.53362
28/09/1970 12:00,5.14854,2.51959
29/09/1970 12:00,5.10189,2.49959
30/09/1970 12:00,5.07815,2.48652
01/10/1970 12:00,5.09556,2.47533
02/10/1970 12:00,5.11785,2.47525
03/10/1970 12:00,5.16815,2.48078
04/10/1970 12:00,5.20891,2.49202
05/10/1970 12:00,5.22201,2.50261
06/10/1970 12:00,5.33393,2.51418
07/10/1970 12:00,5.39998,2.53536
08/10/1970 12:00,5.40982,2.55207
09/10/1970 12:00,5.39681,2.55013
10/10/1970 12:00,5.4018,2.54994
11/10/1970 12:00,5.34793,2.53815
12/10/1970 12:00,5.29682,2.51994
13/10/1970 12:00,5.25048,2.50502
14/10/1970 12:00,5.20346,2.48279
15/10/1970 12:00,5.20022,2.47741
16/10/1970 12:00,5.17053,2.46656
17/10/1970 12:00,5.16076,2.4609
18/10/1970 12:00,5.12424,2.44831
19/10/1970 12:00,5.10765,2.43787
20/10/1970 12:00,5.19718,2.43728
21/10/1970 12:00,5.24517,2.45106
22/10/1970 12:00,5.2448,2.46565
23/10/1970 12:00,5.20597,2.46762
24/10/1970 12:00,5.18352,2.46046
25/10/1970 12:00,5.17567,2.45404
26/10/1970 12:00,5.16703,2.44962
27/10/1970 12:00,5.20879,2.4484
28/10/1970 12:00,5.22481,2.44994
29/10/1970 12:00,5.25328,2.45407
30/10/1970 12:00,5.32738,2.4699
31/10/1970 12:00,5.38679,2.49154
01/11/1970 12:00,5.5207,2.51858
02/11/1970 12:00,5.66399,2.55662
03/11/1970 12:00,5.73048,2.61429
04/11/1970 12:00,5.73584,2.62947
05/11/1970 12:00,5.81002,2.64231
06/11/1970 12:00,5.91345,2.65556
07/11/1970 12:00,5.87599,2.65215
08/11/1970 12:00,5.78204,2.63217
09/11/1970 12:00,5.72344,2.60924
10/11/1970 12:00,5.86189,2.59912
11/11/1970 12:00,5.90879,2.59726
12/11/1970 12:00,5.90339,2.59326
13/11/1970 12:00,6.02709,2.5998
14/11/1970 12:00,6.10054,2.62545
15/11/1970 12:00,6.15123,2.67787
16/11/1970 12:00,6.1003,2.69526
17/11/1970 12:00,6.02179,2.67389
18/11/1970 12:00,5.93249,2.64128
19/11/1970 12:00,5.87609,2.60731
20/11/1970 12:00,5.8996,2.59391
21/11/1970 12:00,5.92228,2.58449
22/11/1970 12:00,5.93153,2.57752
23/11/1970 12:00,5.92205,2.57053
24/11/1970 12:00,5.84159,2.55034
25/11/1970 12:00,5.81452,2.53073
26/11/1970 12:00,5.77113,2.51186
27/11/1970 12:00,5.73383,2.49781
28/11/1970 12:00,5.70697,2.48467
29/11/1970 12:00,5.68464,2.47282
30/11/1970 12:00,5.69423,2.46505
01/12/1970 12:00,5.86892,2.46892
02/12/1970 12:00,6.1136,2.53345
03/12/1970 12:00,6.22761,2.61319
04/12/1970 12:00,6.40481,2.66602
05/12/1970 12:00,6.40915,2.69733
06/12/1970 12:00,6.51525,2.72028
07/12/1970 12:00,6.49743,2.72152
08/12/1970 12:00,6.58737,2.73178
09/12/1970 12:00,6.51513,2.72806
10/12/1970 12:00,6.42083,2.71731
11/12/1970 12:00,6.3164,2.69479
12/12/1970 12:00,6.24323,2.67115
13/12/1970 12:00,6.19117,2.64909
14/12/1970 12:00,6.13937,2.62819
15/12/1970 12:00,6.16294,2.61733
16/12/1970 12:00,6.13402,2.60956
17/12/1970 12:00,6.09682,2.5973
18/12/1970 12:00,6.08441,2.58616
19/12/1970 12:00,6.08117,2.57871
20/12/1970 12:00,6.06616,2.57214
21/12/1970 12:00,6.08407,2.57815
22/12/1970 12:00,6.08425,2.58631
23/12/1970 12:00,6.07699,2.58556
24/12/1970 12:00,6.06099,2.59013
25/12/1970 12:00,6.01977,2.58199
26/12/1970 12:00,6.00396,2.57561
27/12/1970 12:00,5.98237,2.57162
28/12/1970 12:00,5.95269,2.56891
29/12/1970 12:00,5.93743,2.56743
30/12/1970 12:00,5.93242,2.57106
31/12/1970 12:00,5.91631,2.56479
01/01/1971 12:00,5.90499,2.5637
02/01/1971 12:00,5.91019,2.56887
03/01/1971 12:00,5.90693,2.56392
04/01/1971 12:00,5.89426,2.55864
05/01/1971 12:00,5.88415,2.56283
06/01/1971 12:00,5.87828,2.54938
07/01/1971 12:00,5.98337,2.56225
08/01/1971 12:00,5.99243,2.57783
09/01/1971 12:00,6.09019,2.59396
10/01/1971 12:00,6.08937,2.62399
11/01/1971 12:00,6.06541,2.63182
12/01/1971 12:00,6.01847,2.63248
13/01/1971 12:00,5.97508,2.62899
14/01/1971 12:00,5.92493,2.60433
15/01/1971 12:00,5.91093,2.60478
16/01/1971 12:00,5.88077,2.60207
17/01/1971 12:00,5.87523,2.60411
18/01/1971 12:00,5.84818,2.59812
19/01/1971 12:00,5.84419,2.59614
20/01/1971 12:00,5.85679,2.59863
21/01/1971 12:00,5.88048,2.60362
22/01/1971 12:00,5.93738,2.61214
23/01/1971 12:00,5.92527,2.62005
24/01/1971 12:00,5.90584,2.62356
25/01/1971 12:00,6.05773,2.63186
26/01/1971 12:00,6.15915,2.6525
27/01/1971 12:00,6.26108,2.67777
28/01/1971 12:00,6.27399,2.72405
29/01/1971 12:00,6.30223,2.74478
30/01/1971 12:00,6.29896,2.77667
31/01/1971 12:00,6.27538,2.79223
01/02/1971 12:00,6.27871,2.79783
02/02/1971 12:00,6.32132,2.79981
03/02/1971 12:00,6.24286,2.78653
04/02/1971 12:00,6.25209,2.77504
05/02/1971 12:00,6.1734,2.76231
06/02/1971 12:00,6.11632,2.74017
07/02/1971 12:00,6.07318,2.72784
08/02/1971 12:00,6.01279,2.70556
09/02/1971 12:00,5.97069,2.68901
10/02/1971 12:00,5.94524,2.67353
11/02/1971 12:00,5.89028,2.65332
12/02/1971 12:00,5.8684,2.64814
13/02/1971 12:00,5.8522,2.62105
14/02/1971 12:00,6.00618,2.63309
15/02/1971 12:00,6.13221,2.68573
16/02/1971 12:00,6.15094,2.71716
17/02/1971 12:00,6.17227,2.74148
18/02/1971 12:00,6.28984,2.75916
19/02/1971 12:00,6.27031,2.7666
20/02/1971 12:00,6.35738,2.77976
21/02/1971 12:00,6.31645,2.77922
22/02/1971 12:00,6.27187,2.77136
23/02/1971 12:00,6.20613,2.75979
24/02/1971 12:00,6.13421,2.74819
25/02/1971 12:00,6.12745,2.73746
26/02/1971 12:00,6.07495,2.71695
27/02/1971 12:00,6.02412,2.69971
28/02/1971 12:00,5.99372,2.68344
01/03/1971 12:00,5.94786,2.66964
02/03/1971 12:00,5.9171,2.65813
03/03/1971 12:00,5.89868,2.64277
04/03/1971 12:00,5.88106,2.64289
05/03/1971 12:00,5.86258,2.62872
06/03/1971 12:00,5.84198,2.62288
07/03/1971 12:00,5.82847,2.61936
08/03/1971 12:00,5.79029,2.61405
09/03/1971 12:00,5.7755,2.61421
10/03/1971 12:00,5.75848,2.60298
11/03/1971 12:00,5.76966,2.60725
12/03/1971 12:00,5.79842,2.61315
13/03/1971 12:00,5.79115,2.60933
14/03/1971 12:00,5.86759,2.61769
15/03/1971 12:00,5.86653,2.63431
16/03/1971 12:00,5.85134,2.63953
17/03/1971 12:00,5.84654,2.6423
18/03/1971 12:00,5.85891,2.64648
19/03/1971 12:00,5.94558,2.66782
20/03/1971 12:00,6.04431,2.69885
21/03/1971 12:00,6.04467,2.72744
22/03/1971 12:00,6.03848,2.73295
23/03/1971 12:00,5.9671,2.71808
24/03/1971 12:00,5.87822,2.66249
25/03/1971 12:00,5.88694,2.66049
26/03/1971 12:00,5.95683,2.65975
27/03/1971 12:00,5.95235,2.66123
28/03/1971 12:00,5.96072,2.66334
29/03/1971 12:00,5.91206,2.66193
30/03/1971 12:00,5.84968,2.65558
31/03/1971 12:00,5.80944,2.64878
01/04/1971 12:00,5.78929,2.63598
02/04/1971 12:00,5.89905,2.63992
03/04/1971 12:00,5.93405,2.66147
04/04/1971 12:00,5.9144,2.6627
05/04/1971 12:00,5.88302,2.65923
06/04/1971 12:00,5.86207,2.65495
07/04/1971 12:00,5.81481,2.64928
08/04/1971 12:00,5.79446,2.63868
09/04/1971 12:00,5.77574,2.63785
10/04/1971 12:00,5.73784,2.63366
11/04/1971 12:00,5.6886,2.61989
12/04/1971 12:00,5.62541,2.61177
13/04/1971 12:00,5.56453,2.59168
14/04/1971 12:00,5.52398,2.5742
15/04/1971 12:00,5.50466,2.56175
16/04/1971 12:00,5.48919,2.5521
17/04/1971 12:00,5.48336,2.55051
18/04/1971 12:00,5.48816,2.54428
19/04/1971 12:00,5.49436,2.54683
20/04/1971 12:00,5.45925,2.54599
21/04/1971 12:00,5.43014,2.53784
22/04/1971 12:00,5.3932,2.52839
23/04/1971 12:00,5.35588,2.51764
24/04/1971 12:00,5.31881,2.50628
25/04/1971 12:00,5.29084,2.49646
26/04/1971 12:00,5.28719,2.49533
27/04/1971 12:00,5.26571,2.48741
28/04/1971 12:00,5.25472,2.48213
29/04/1971 12:00,5.25985,2.48103
30/04/1971 12:00,5.30924,2.48861
01/05/1971 12:00,5.3349,2.50832
02/05/1971 12:00,5.32186,2.5243
03/05/1971 12:00,5.28687,2.52082
04/05/1971 12:00,5.27227,2.51253
05/05/1971 12:00,5.251,2.50626
06/05/1971 12:00,5.20356,2.4908
07/05/1971 12:00,5.1452,2.47105
08/05/1971 12:00,5.11716,2.4612
09/05/1971 12:00,5.10636,2.45422
10/05/1971 12:00,5.07241,2.44583
11/05/1971 12:00,5.06193,2.43934
12/05/1971 12:00,5.05269,2.43406
13/05/1971 12:00,5.03826,2.4318
14/05/1971 12:00,5.10122,2.44506
15/05/1971 12:00,5.10766,2.44836
16/05/1971 12:00,5.12842,2.45173
17/05/1971 12:00,5.2228,2.45478
18/05/1971 12:00,5.30583,2.45837
19/05/1971 12:00,5.36859,2.46624
20/05/1971 12:00,5.32842,2.4742
21/05/1971 12:00,5.27468,2.4735
22/05/1971 12:00,5.24302,2.47815
23/05/1971 12:00,5.18393,2.47029
24/05/1971 12:00,5.14812,2.45837
25/05/1971 12:00,5.12475,2.44704
26/05/1971 12:00,5.09955,2.43665
27/05/1971 12:00,5.08121,2.42971
28/05/1971 12:00,5.06484,2.42905
29/05/1971 12:00,5.06385,2.42535
30/05/1971 12:00,5.15685,2.4408
31/05/1971 12:00,5.28873,2.45221
01/06/1971 12:00,5.27662,2.48319
02/06/1971 12:00,5.21606,2.49551
03/06/1971 12:00,5.14274,2.48799
04/06/1971 12:00,5.05475,2.45462
05/06/1971 12:00,5.0071,2.43904
06/06/1971 12:00,4.96725,2.42101
07/06/1971 12:00,4.94251,2.41184
08/06/1971 12:00,4.9213,2.40669
09/06/1971 12:00,4.9086,2.40025
10/06/1971 12:00,4.88515,2.38369
11/06/1971 12:00,4.86921,2.37825
12/06/1971 12:00,4.86347,2.37358
13/06/1971 12:00,4.84063,2.36945
14/06/1971 12:00,4.81221,2.35691
15/06/1971 12:00,4.80861,2.35742
16/06/1971 12:00,4.79613,2.35127
17/06/1971 12:00,4.78055,2.34939
18/06/1971 12:00,4.78614,2.34778
19/06/1971 12:00,4.79656,2.34842
20/06/1971 12:00,4.80574,2.34605
21/06/1971 12:00,4.82342,2.35833
22/06/1971 12:00,4.88647,2.37991
23/06/1971 12:00,4.98445,2.41024
24/06/1971 12:00,5.02686,2.4408
25/06/1971 12:00,5.04637,2.47906
26/06/1971 12:00,5.03935,2.4911
27/06/1971 12:00,5.00236,2.48415
28/06/1971 12:00,4.97746,2.46952
29/06/1971 12:00,4.99332,2.47075
30/06/1971 12:00,5.02776,2.47732
01/07/1971 12:00,5.01109,2.48281
02/07/1971 12:00,4.95768,2.47322
03/07/1971 12:00,4.877,2.43635
04/07/1971 12:00,4.82472,2.40881
05/07/1971 12:00,4.77427,2.38425
06/07/1971 12:00,4.72992,2.35752
07/07/1971 12:00,4.68819,2.33467
08/07/1971 12:00,4.6593,2.3188
09/07/1971 12:00,4.62878,2.30335
10/07/1971 12:00,4.60917,2.29266
11/07/1971 12:00,4.59117,2.28371
12/07/1971 12:00,4.57636,2.27634
13/07/1971 12:00,4.55735,2.26968
14/07/1971 12:00,4.55312,2.26474
15/07/1971 12:00,4.56726,2.26777
16/07/1971 12:00,4.59751,2.27211
17/07/1971 12:00,4.61164,2.27255
18/07/1971 12:00,4.61279,2.27742
19/07/1971 12:00,4.61642,2.28372
20/07/1971 12:00,4.60754,2.28271
21/07/1971 12:00,4.59953,2.28092
22/07/1971 12:00,4.58991,2.2786
23/07/1971 12:00,4.59767,2.28177
24/07/1971 12:00,4.5916,2.283
25/07/1971 12:00,4.58712,2.28356
26/07/1971 12:00,4.61086,2.28386
27/07/1971 12:00,4.64149,2.28635
28/07/1971 12:00,4.64569,2.29014
29/07/1971 12:00,4.62991,2.28618
30/07/1971 12:00,4.64291,2.29343
31/07/1971 12:00,4.73637,2.31606
01/08/1971 12:00,4.88016,2.3478
02/08/1971 12:00,4.87932,2.37678
03/08/1971 12:00,4.84049,2.39007
04/08/1971 12:00,4.79679,2.37993
05/08/1971 12:00,4.80978,2.37554
06/08/1971 12:00,4.84394,2.36108
07/08/1971 12:00,5.19381,2.38677
08/08/1971 12:00,5.38242,2.53052
09/08/1971 12:00,5.76155,2.61208
10/08/1971 12:00,5.81358,2.71463
11/08/1971 12:00,5.75008,2.73481
12/08/1971 12:00,5.64593,2.6923
13/08/1971 12:00,5.80401,2.70597
14/08/1971 12:00,5.82297,2.7489
15/08/1971 12:00,5.82494,2.74117
16/08/1971 12:00,5.81733,2.73849
17/08/1971 12:00,5.69855,2.70747
18/08/1971 12:00,5.55182,2.66414
19/08/1971 12:00,5.40334,2.59537
20/08/1971 12:00,5.30673,2.54342
21/08/1971 12:00,5.21893,2.49951
22/08/1971 12:00,5.14493,2.46169
23/08/1971 12:00,5.07415,2.42851
24/08/1971 12:00,5.01115,2.39338
25/08/1971 12:00,4.95837,2.366
26/08/1971 12:00,4.91781,2.34522
27/08/1971 12:00,4.89345,2.32844
28/08/1971 12:00,4.8804,2.3194
29/08/1971 12:00,4.8666,2.30992
30/08/1971 12:00,4.89301,2.30436
31/08/1971 12:00,4.95726,2.30755
01/09/1971 12:00,5.00967,2.31476
02/09/1971 12:00,4.99044,2.31442
03/09/1971 12:00,5.03324,2.31869
04/09/1971 12:00,5.03296,2.32215
05/09/1971 12:00,4.99799,2.31794
06/09/1971 12:00,5.02327,2.32449
07/09/1971 12:00,5.01256,2.33038
08/09/1971 12:00,4.97887,2.32704
09/09/1971 12:00,4.93361,2.31928
10/09/1971 12:00,4.88298,2.2955
11/09/1971 12:00,4.85881,2.28214
12/09/1971 12:00,4.85241,2.2785
13/09/1971 12:00,4.8393,2.26974
14/09/1971 12:00,4.82715,2.26542
15/09/1971 12:00,4.8025,2.26334
16/09/1971 12:00,4.77635,2.25484
17/09/1971 12:00,4.76376,2.24891
18/09/1971 12:00,4.7686,2.25263
19/09/1971 12:00,4.83788,2.25939
20/09/1971 12:00,4.87114,2.27776
21/09/1971 12:00,4.86442,2.28195
22/09/1971 12:00,4.84113,2.28006
23/09/1971 12:00,4.82478,2.27603
24/09/1971 12:00,4.80333,2.2644
25/09/1971 12:00,4.81641,2.27435
26/09/1971 12:00,4.85899,2.31065
27/09/1971 12:00,4.84268,2.30442
28/09/1971 12:00,4.84036,2.30556
29/09/1971 12:00,4.83119,2.2998
30/09/1971 12:00,4.81261,2.29237
01/10/1971 12:00,4.81376,2.28546
02/10/1971 12:00,4.81102,2.28601
03/10/1971 12:00,4.80631,2.28537
04/10/1971 12:00,4.77837,2.28113
05/10/1971 12:00,4.75969,2.27322
06/10/1971 12:00,4.74626,2.26625
07/10/1971 12:00,4.72797,2.25394
08/10/1971 12:00,4.72205,2.25012
09/10/1971 12:00,4.70576,2.23908
10/10/1971 12:00,4.72195,2.24482
11/10/1971 12:00,4.74641,2.24889
12/10/1971 12:00,4.77786,2.25729
13/10/1971 12:00,4.83593,2.27091
14/10/1971 12:00,4.84023,2.28422
15/10/1971 12:00,4.81506,2.28204
16/10/1971 12:00,4.80361,2.27676
17/10/1971 12:00,4.78853,2.27043
18/10/1971 12:00,4.76719,2.26585
19/10/1971 12:00,4.82178,2.27093
20/10/1971 12:00,4.96347,2.28096
21/10/1971 12:00,5.19234,2.34753
22/10/1971 12:00,5.36432,2.44772
23/10/1971 12:00,5.44164,2.47412
24/10/1971 12:00,5.42315,2.49035
25/10/1971 12:00,5.36254,2.47752
26/10/1971 12:00,5.26848,2.45591
27/10/1971 12:00,5.19653,2.43209
28/10/1971 12:00,5.10935,2.39725
29/10/1971 12:00,5.0524,2.37001
30/10/1971 12:00,4.9982,2.34629
31/10/1971 12:00,4.96109,2.3268
01/11/1971 12:00,4.93469,2.31122
02/11/1971 12:00,4.92168,2.30481
03/11/1971 12:00,4.88414,2.28965
04/11/1971 12:00,4.86547,2.27659
05/11/1971 12:00,4.9022,2.27564
06/11/1971 12:00,4.89925,2.2729
07/11/1971 12:00,4.9614,2.27755
08/11/1971 12:00,5.04102,2.29154
09/11/1971 12:00,5.23204,2.32293
10/11/1971 12:00,5.30451,2.3697
11/11/1971 12:00,5.25256,2.36757
12/11/1971 12:00,5.19393,2.35745
13/11/1971 12:00,5.14356,2.34647
14/11/1971 12:00,5.12294,2.32415
15/11/1971 12:00,5.16703,2.32483
16/11/1971 12:00,5.15993,2.33477
17/11/1971 12:00,5.28993,2.34952
18/11/1971 12:00,5.48909,2.45633
19/11/1971 12:00,5.71583,2.52533
20/11/1971 12:00,5.64131,2.50175
21/11/1971 12:00,5.61892,2.4904
22/11/1971 12:00,5.67461,2.56165
23/11/1971 12:00,5.80763,2.62438
24/11/1971 12:00,5.81765,2.6168
25/11/1971 12:00,5.7838,2.56835
26/11/1971 12:00,5.77099,2.56138
27/11/1971 12:00,5.74256,2.56482
28/11/1971 12:00,5.70087,2.55206
29/11/1971 12:00,5.69218,2.52807
30/11/1971 12:00,5.68992,2.51161
01/12/1971 12:00,5.71238,2.47828
02/12/1971 12:00,5.67716,2.4686
03/12/1971 12:00,5.60239,2.4348
04/12/1971 12:00,5.55339,2.40268
05/12/1971 12:00,5.53946,2.39466
06/12/1971 12:00,5.53731,2.39155
07/12/1971 12:00,5.49458,2.37363
08/12/1971 12:00,5.43725,2.34942
09/12/1971 12:00,5.40449,2.33109
10/12/1971 12:00,5.41235,2.32914
11/12/1971 12:00,5.4578,2.33428
12/12/1971 12:00,5.45596,2.34166
13/12/1971 12:00,5.46363,2.34495
14/12/1971 12:00,5.43825,2.32768
15/12/1971 12:00,5.45479,2.33603
16/12/1971 12:00,5.43063,2.33925
17/12/1971 12:00,5.39697,2.32207
18/12/1971 12:00,5.39375,2.32453
19/12/1971 12:00,5.34822,2.3076
20/12/1971 12:00,5.33743,2.31089
21/12/1971 12:00,5.45939,2.33059
22/12/1971 12:00,5.49009,2.35816
23/12/1971 12:00,5.48765,2.35933
24/12/1971 12:00,5.4981,2.3595
25/12/1971 12:00,5.49566,2.34495
26/12/1971 12:00,5.47219,2.34643
27/12/1971 12:00,5.43945,2.33862
28/12/1971 12:00,5.41727,2.33197
29/12/1971 12:00,5.45304,2.33887
30/12/1971 12:00,5.43836,2.34182
31/12/1971 12:00,5.40189,2.33283
01/01/1972 12:00,5.37676,2.32345
02/01/1972 12:00,5.36659,2.32406
03/01/1972 12:00,5.33009,2.31413
04/01/1972 12:00,5.31357,2.30476
05/01/1972 12:00,5.31079,2.30582
06/01/1972 12:00,5.31483,2.31616
07/01/1972 12:00,5.36231,2.32797
08/01/1972 12:00,5.3662,2.34507
09/01/1972 12:00,5.36679,2.34654
10/01/1972 12:00,5.36279,2.34523
11/01/1972 12:00,5.33971,2.33218
12/01/1972 12:00,5.33122,2.32937
13/01/1972 12:00,5.30225,2.31555
14/01/1972 12:00,5.27947,2.30331
15/01/1972 12:00,5.26573,2.30145
16/01/1972 12:00,5.23095,2.2865
17/01/1972 12:00,5.21194,2.27574
18/01/1972 12:00,5.19775,2.26969
19/01/1972 12:00,5.19342,2.2704
20/01/1972 12:00,5.20289,2.27731
21/01/1972 12:00,5.22513,2.28795
22/01/1972 12:00,5.36221,2.33171
23/01/1972 12:00,5.38082,2.33818
24/01/1972 12:00,5.37001,2.33728
25/01/1972 12:00,5.33191,2.33269
26/01/1972 12:00,5.31701,2.32681
27/01/1972 12:00,5.27002,2.3101
28/01/1972 12:00,5.25037,2.29758
29/01/1972 12:00,5.22674,2.29465
30/01/1972 12:00,5.20922,2.28187
31/01/1972 12:00,5.20905,2.28448
01/02/1972 12:00,5.22718,2.29763
02/02/1972 12:00,5.26855,2.31695
03/02/1972 12:00,5.26893,2.31489
04/02/1972 12:00,5.26658,2.31396
05/02/1972 12:00,5.24727,2.3111
06/02/1972 12:00,5.26752,2.3082
07/02/1972 12:00,5.23297,2.29628
08/02/1972 12:00,5.2157,2.29472
09/02/1972 12:00,5.21013,2.29597
10/02/1972 12:00,5.2036,2.29556
11/02/1972 12:00,5.2213,2.28481
12/02/1972 12:00,5.19983,2.28227
13/02/1972 12:00,5.20368,2.28547
14/02/1972 12:00,5.20509,2.28961
15/02/1972 12:00,5.20218,2.28926
16/02/1972 12:00,5.20505,2.29063
17/02/1972 12:00,5.20023,2.29116
18/02/1972 12:00,5.17601,2.28082
19/02/1972 12:00,5.16064,2.27918
20/02/1972 12:00,5.13804,2.26721
21/02/1972 12:00,5.13146,2.26612
22/02/1972 12:00,5.11204,2.25517
23/02/1972 12:00,5.09431,2.25486
24/02/1972 12:00,5.07862,2.24455
25/02/1972 12:00,5.07251,2.2442
26/02/1972 12:00,5.0538,2.23001
27/02/1972 12:00,5.04575,2.23264
28/02/1972 12:00,5.03104,2.23192
29/02/1972 12:00,5.0123,2.21646
01/03/1972 12:00,5.01253,2.21966
02/03/1972 12:00,4.99678,2.21323
03/03/1972 12:00,4.99232,2.21506
04/03/1972 12:00,4.98439,2.2097
05/03/1972 12:00,4.99767,2.21243
06/03/1972 12:00,5.11747,2.22754
07/03/1972 12:00,5.16532,2.25353
08/03/1972 12:00,5.18229,2.28863
09/03/1972 12:00,5.18945,2.29017
10/03/1972 12:00,5.28112,2.30946
11/03/1972 12:00,5.38616,2.33506
12/03/1972 12:00,5.36078,2.34436
13/03/1972 12:00,5.29818,2.33401
14/03/1972 12:00,5.23967,2.32047
15/03/1972 12:00,5.16466,2.29516
16/03/1972 12:00,5.11254,2.27182
17/03/1972 12:00,5.05253,2.2501
18/03/1972 12:00,4.99717,2.22526
19/03/1972 12:00,4.96299,2.21492
20/03/1972 12:00,4.93291,2.206
21/03/1972 12:00,4.92105,2.19905
22/03/1972 12:00,4.90525,2.19207
23/03/1972 12:00,4.899,2.19317
24/03/1972 12:00,4.87525,2.18157
25/03/1972 12:00,4.84324,2.17275
26/03/1972 12:00,4.84426,2.1673
27/03/1972 12:00,4.83484,2.1607
28/03/1972 12:00,4.87798,2.16804
29/03/1972 12:00,4.96135,2.1918
30/03/1972 12:00,5.01593,2.23988
31/03/1972 12:00,5.04438,2.26074
01/04/1972 12:00,5.0294,2.25599
02/04/1972 12:00,5.01001,2.24687
03/04/1972 12:00,4.98192,2.23252
04/04/1972 12:00,5.02073,2.23088
05/04/1972 12:00,5.05284,2.25466
06/04/1972 12:00,5.12094,2.278
07/04/1972 12:00,5.14061,2.29686
08/04/1972 12:00,5.23085,2.32029
09/04/1972 12:00,5.3202,2.35682
10/04/1972 12:00,5.41437,2.39082
11/04/1972 12:00,5.41162,2.41279
12/04/1972 12:00,5.49974,2.45469
13/04/1972 12:00,5.54076,2.4731
14/04/1972 12:00,5.4807,2.4523
15/04/1972 12:00,5.41737,2.43646
16/04/1972 12:00,5.38009,2.42134
17/04/1972 12:00,5.36799,2.4058
18/04/1972 12:00,5.33895,2.38969
19/04/1972 12:00,5.27243,2.3579
20/04/1972 12:00,5.25968,2.34847
21/04/1972 12:00,5.23007,2.33926
22/04/1972 12:00,5.14515,2.30843
23/04/1972 12:00,5.06089,2.26987
24/04/1972 12:00,4.99119,2.23997
25/04/1972 12:00,4.96166,2.22243
26/04/1972 12:00,4.91701,2.20641
27/04/1972 12:00,4.87824,2.19027
28/04/1972 12:00,4.83304,2.17096
29/04/1972 12:00,4.82957,2.17046
30/04/1972 12:00,4.8365,2.15712
01/05/1972 12:00,4.94213,2.17018
02/05/1972 12:00,4.96535,2.20201
03/05/1972 12:00,4.92619,2.20096
04/05/1972 12:00,4.87533,2.18295
05/05/1972 12:00,4.83581,2.17305
06/05/1972 12:00,4.81529,2.16061
07/05/1972 12:00,4.79461,2.15284
08/05/1972 12:00,4.76993,2.14467
09/05/1972 12:00,4.72377,2.12295
10/05/1972 12:00,4.71432,2.12
11/05/1972 12:00,4.77512,2.1344
12/05/1972 12:00,4.77082,2.14301
13/05/1972 12:00,4.74303,2.13738
14/05/1972 12:00,4.68792,2.11926
15/05/1972 12:00,4.65338,2.1089
16/05/1972 12:00,4.62337,2.0942
17/05/1972 12:00,4.61114,2.08538
18/05/1972 12:00,4.60499,2.08701
19/05/1972 12:00,4.63106,2.09299
20/05/1972 12:00,4.64323,2.10129
21/05/1972 12:00,4.64465,2.10477
22/05/1972 12:00,4.72784,2.11474
23/05/1972 12:00,4.86408,2.14755
24/05/1972 12:00,4.86233,2.16903
25/05/1972 12:00,4.84674,2.17221
26/05/1972 12:00,4.86422,2.17075
27/05/1972 12:00,4.89701,2.17399
28/05/1972 12:00,4.96222,2.19206
29/05/1972 12:00,5.01537,2.22789
30/05/1972 12:00,4.99035,2.24229
31/05/1972 12:00,4.99489,2.24335
01/06/1972 12:00,5.08684,2.25528
02/06/1972 12:00,5.36217,2.28954
03/06/1972 12:00,5.38341,2.3223
04/06/1972 12:00,5.29867,2.31207
05/06/1972 12:00,5.30149,2.31652
06/06/1972 12:00,5.22152,2.30765
07/06/1972 12:00,5.13048,2.28922
08/06/1972 12:00,5.15883,2.28184
09/06/1972 12:00,5.11451,2.27189
10/06/1972 12:00,5.13889,2.26921
11/06/1972 12:00,5.10591,2.26889
12/06/1972 12:00,5.12162,2.26683
13/06/1972 12:00,5.11238,2.25862
14/06/1972 12:00,5.07478,2.253
15/06/1972 12:00,5.02426,2.24351
16/06/1972 12:00,4.95523,2.21871
17/06/1972 12:00,4.85988,2.17739
18/06/1972 12:00,4.83685,2.17277
19/06/1972 12:00,4.78244,2.15144
20/06/1972 12:00,4.84742,2.14978
21/06/1972 12:00,4.85207,2.15489
22/06/1972 12:00,4.84585,2.15315
23/06/1972 12:00,4.84913,2.15294
24/06/1972 12:00,4.83551,2.15876
25/06/1972 12:00,4.85154,2.15479
26/06/1972 12:00,4.82747,2.15368
27/06/1972 12:00,4.76729,2.13808
28/06/1972 12:00,4.68782,2.10839
29/06/1972 12:00,4.64119,2.09122
30/06/1972 12:00,4.59546,2.07617
01/07/1972 12:00,4.57177,2.0646
02/07/1972 12:00,4.56056,2.05936
03/07/1972 12:00,4.55102,2.05275
04/07/1972 12:00,4.545,2.04697
05/07/1972 12:00,4.52789,2.0433
06/07/1972 12:00,4.4899,2.03753
07/07/1972 12:00,4.48433,2.03463
08/07/1972 12:00,4.57763,2.04522
09/07/1972 12:00,4.59004,2.04716
10/07/1972 12:00,4.57488,2.04569
11/07/1972 12:00,4.54847,2.04518
12/07/1972 12:00,4.50373,2.03715
13/07/1972 12:00,4.4668,2.02714
14/07/1972 12:00,4.42916,2.0163
15/07/1972 12:00,4.40186,2.00579
16/07/1972 12:00,4.34889,1.98112
17/07/1972 12:00,4.33505,1.98072
18/07/1972 12:00,4.31443,1.97503
19/07/1972 12:00,4.29827,1.97175
20/07/1972 12:00,4.27518,1.96404
21/07/1972 12:00,4.24526,1.95217
22/07/1972 12:00,4.22767,1.94537
23/07/1972 12:00,4.21899,1.9416
24/07/1972 12:00,4.21313,1.939
25/07/1972 12:00,4.26323,1.95625
26/07/1972 12:00,4.33956,1.96495
27/07/1972 12:00,4.40082,1.99905
28/07/1972 12:00,4.45922,2.02897
29/07/1972 12:00,4.47527,2.04418
30/07/1972 12:00,4.50919,2.04558
31/07/1972 12:00,4.99491,2.13936
01/08/1972 12:00,5.35121,2.35197
02/08/1972 12:00,5.47918,2.38458
03/08/1972 12:00,5.38807,2.37762
04/08/1972 12:00,5.22025,2.33194
05/08/1972 12:00,5.1004,2.29551
06/08/1972 12:00,5.07461,2.25759
07/08/1972 12:00,4.97521,2.2182
08/08/1972 12:00,4.90831,2.19163
09/08/1972 12:00,5.00561,2.18256
10/08/1972 12:00,4.9486,2.17435
11/08/1972 12:00,4.87943,2.16301
12/08/1972 12:00,4.80159,2.14023
13/08/1972 12:00,4.74743,2.12305
14/08/1972 12:00,4.73009,2.11397
15/08/1972 12:00,4.69203,2.09596
16/08/1972 12:00,4.64554,2.08148
17/08/1972 12:00,4.6211,2.06911
18/08/1972 12:00,4.60482,2.06155
19/08/1972 12:00,4.6546,2.05802
20/08/1972 12:00,4.64063,2.06268
21/08/1972 12:00,4.60364,2.05691
22/08/1972 12:00,4.56229,2.04543
23/08/1972 12:00,4.53306,2.03386
24/08/1972 12:00,4.50843,2.02387
25/08/1972 12:00,4.48198,2.00904
26/08/1972 12:00,4.45519,2.00412
27/08/1972 12:00,4.42224,1.99732
28/08/1972 12:00,4.40614,1.99005
29/08/1972 12:00,4.37954,1.98212
30/08/1972 12:00,4.36939,1.97747
31/08/1972 12:00,4.36131,1.97339
01/09/1972 12:00,4.351,1.96904
02/09/1972 12:00,4.34225,1.96588
03/09/1972 12:00,4.33799,1.96263
04/09/1972 12:00,4.33013,1.96362
05/09/1972 12:00,4.32155,1.95658
06/09/1972 12:00,4.31836,1.9591
07/09/1972 12:00,4.31875,1.96145
08/09/1972 12:00,4.31809,1.96321
09/09/1972 12:00,4.31236,1.95894
10/09/1972 12:00,4.33944,1.96718
11/09/1972 12:00,4.40304,1.98959
12/09/1972 12:00,4.42554,2.00642
13/09/1972 12:00,4.43843,2.01488
14/09/1972 12:00,4.42284,2.00933
15/09/1972 12:00,4.38927,2.00404
16/09/1972 12:00,4.37723,1.99829
17/09/1972 12:00,4.39083,2.0008
18/09/1972 12:00,4.42638,2.00179
19/09/1972 12:00,4.43587,2.0101
20/09/1972 12:00,4.42588,2.01122
21/09/1972 12:00,4.41542,2.00882
22/09/1972 12:00,4.3913,1.99985
23/09/1972 12:00,4.39361,2.00138
24/09/1972 12:00,4.39116,2.00453
25/09/1972 12:00,4.3576,1.99502
26/09/1972 12:00,4.34072,1.98613
27/09/1972 12:00,4.33227,1.98359
28/09/1972 12:00,4.31025,1.97935
29/09/1972 12:00,4.29618,1.97088
30/09/1972 12:00,4.29095,1.96881
01/10/1972 12:00,4.28325,1.96737
02/10/1972 12:00,4.27973,1.96596
03/10/1972 12:00,4.27667,1.9637
04/10/1972 12:00,4.27168,1.96257
05/10/1972 12:00,4.25663,1.9544
06/10/1972 12:00,4.25651,1.95441
07/10/1972 12:00,4.24861,1.94877
08/10/1972 12:00,4.24018,1.9452
09/10/1972 12:00,4.22634,1.93418
10/10/1972 12:00,4.21582,1.92861
11/10/1972 12:00,4.21203,1.92879
12/10/1972 12:00,4.20748,1.9287
13/10/1972 12:00,4.19304,1.92747
14/10/1972 12:00,4.20253,1.92789
15/10/1972 12:00,4.19867,1.92834
16/10/1972 12:00,4.18225,1.92672
17/10/1972 12:00,4.1792,1.92621
18/10/1972 12:00,4.17211,1.92459
19/10/1972 12:00,4.17389,1.91589
20/10/1972 12:00,4.17464,1.91774
21/10/1972 12:00,4.17462,1.91796
22/10/1972 12:00,4.19649,1.92113
23/10/1972 12:00,4.22887,1.93018
24/10/1972 12:00,4.28093,1.94389
25/10/1972 12:00,4.31732,1.96396
26/10/1972 12:00,4.32415,1.9755
27/10/1972 12:00,4.30093,1.96949
28/10/1972 12:00,4.29878,1.97561
29/10/1972 12:00,4.28305,1.96866
30/10/1972 12:00,4.26442,1.95956
31/10/1972 12:00,4.25933,1.95701
01/11/1972 12:00,4.25969,1.95461
02/11/1972 12:00,4.283,1.96088
03/11/1972 12:00,4.28491,1.96555
04/11/1972 12:00,4.26595,1.96297
05/11/1972 12:00,4.26498,1.96005
06/11/1972 12:00,4.26251,1.95767
07/11/1972 12:00,4.26204,1.95661
08/11/1972 12:00,4.26685,1.96241
09/11/1972 12:00,4.2937,1.96316
10/11/1972 12:00,4.32449,1.97799
11/11/1972 12:00,4.48968,2.00792
12/11/1972 12:00,4.67243,2.07339
13/11/1972 12:00,4.77372,2.13619
14/11/1972 12:00,4.85007,2.17801
15/11/1972 12:00,4.9263,2.20683
16/11/1972 12:00,4.91284,2.21205
17/11/1972 12:00,4.9546,2.22171
18/11/1972 12:00,4.92192,2.22266
19/11/1972 12:00,4.87777,2.20686
20/11/1972 12:00,4.81945,2.18881
21/11/1972 12:00,4.77428,2.17177
22/11/1972 12:00,4.85917,2.1793
23/11/1972 12:00,4.88055,2.19653
24/11/1972 12:00,4.85592,2.19764
25/11/1972 12:00,4.83613,2.18493
26/11/1972 12:00,4.79631,2.16792
27/11/1972 12:00,4.75544,2.14724
28/11/1972 12:00,4.72074,2.13686
29/11/1972 12:00,4.69805,2.11739
30/11/1972 12:00,4.78009,2.13989
01/12/1972 12:00,4.92189,2.20928
02/12/1972 12:00,5.03544,2.24989
03/12/1972 12:00,5.1331,2.28499
04/12/1972 12:00,5.13994,2.28665
05/12/1972 12:00,5.10634,2.27826
06/12/1972 12:00,5.08951,2.2743
07/12/1972 12:00,5.40621,2.39538
08/12/1972 12:00,5.58288,2.48208
09/12/1972 12:00,5.60165,2.45919
10/12/1972 12:00,5.60172,2.43574
11/12/1972 12:00,5.569,2.40987
12/12/1972 12:00,5.62295,2.38611
13/12/1972 12:00,5.61942,2.38758
14/12/1972 12:00,5.60143,2.37613
15/12/1972 12:00,5.70056,2.40495
16/12/1972 12:00,5.61492,2.38351
17/12/1972 12:00,5.51442,2.33807
18/12/1972 12:00,5.40549,2.29281
19/12/1972 12:00,5.36358,2.27451
20/12/1972 12:00,5.28475,2.23377
21/12/1972 12:00,5.22849,2.206
22/12/1972 12:00,5.17897,2.17762
23/12/1972 12:00,5.14172,2.17075
24/12/1972 12:00,5.09096,2.13833
25/12/1972 12:00,5.08943,2.13569
26/12/1972 12:00,5.06684,2.11799
27/12/1972 12:00,5.04754,2.10403
28/12/1972 12:00,5.0338,2.09224
29/12/1972 12:00,5.01011,2.09236
30/12/1972 12:00,4.99089,2.0818
31/12/1972 12:00,4.97584,2.07187
01/01/1973 12:00,4.98189,2.08054
02/01/1973 12:00,4.96743,2.07397
03/01/1973 12:00,4.9574,2.06662
04/01/1973 12:00,4.977,2.07735
05/01/1973 12:00,4.98435,2.08428
06/01/1973 12:00,4.97318,2.07466
07/01/1973 12:00,4.97475,2.08076
08/01/1973 12:00,4.96486,2.07202
09/01/1973 12:00,4.94677,2.06814
10/01/1973 12:00,4.94335,2.06807
11/01/1973 12:00,4.94408,2.07598
12/01/1973 12:00,4.93271,2.07182
13/01/1973 12:00,4.93153,2.06965
14/01/1973 12:00,4.92732,2.07642
15/01/1973 12:00,4.91835,2.07211
16/01/1973 12:00,4.99019,2.07917
17/01/1973 12:00,5.01516,2.09553
18/01/1973 12:00,5.01807,2.10746
19/01/1973 12:00,5.01204,2.11332
20/01/1973 12:00,4.98748,2.11507
21/01/1973 12:00,4.97056,2.10676
22/01/1973 12:00,4.98274,2.11662
23/01/1973 12:00,5.0282,2.12242
24/01/1973 12:00,5.02585,2.12683
25/01/1973 12:00,5.0041,2.13017
26/01/1973 12:00,4.98528,2.12289
27/01/1973 12:00,5.00491,2.12798
28/01/1973 12:00,5.06297,2.13875
29/01/1973 12:00,5.06335,2.14473
30/01/1973 12:00,5.09834,2.1619
31/01/1973 12:00,5.085,2.16258
01/02/1973 12:00,5.08779,2.16002
02/02/1973 12:00,5.07645,2.14997
03/02/1973 12:00,5.05462,2.14116
04/02/1973 12:00,5.04403,2.14483
05/02/1973 12:00,5.03344,2.14601
06/02/1973 12:00,5.00282,2.13575
07/02/1973 12:00,5.00543,2.13718
08/02/1973 12:00,5.05412,2.14317
09/02/1973 12:00,5.07986,2.16268
10/02/1973 12:00,5.09053,2.18191
11/02/1973 12:00,5.07519,2.18137
12/02/1973 12:00,5.07138,2.18181
13/02/1973 12:00,5.19605,2.1948
14/02/1973 12:00,5.56329,2.29273
15/02/1973 12:00,5.74345,2.41126
16/02/1973 12:00,5.74003,2.42659
17/02/1973 12:00,5.69616,2.40665
18/02/1973 12:00,5.69004,2.36735
19/02/1973 12:00,5.68448,2.36338
20/02/1973 12:00,5.63774,2.35696
21/02/1973 12:00,5.55715,2.33252
22/02/1973 12:00,5.44589,2.29437
23/02/1973 12:00,5.38998,2.28245
24/02/1973 12:00,5.41339,2.2764
25/02/1973 12:00,5.3733,2.27121
26/02/1973 12:00,5.31813,2.24206
27/02/1973 12:00,5.25589,2.21435
28/02/1973 12:00,5.22394,2.20859
01/03/1973 12:00,5.17166,2.18017
02/03/1973 12:00,5.16432,2.17861
03/03/1973 12:00,5.2558,2.16727
04/03/1973 12:00,5.26613,2.16808
05/03/1973 12:00,5.23979,2.15951
06/03/1973 12:00,5.25375,2.16724
07/03/1973 12:00,5.23052,2.16817
08/03/1973 12:00,5.21525,2.17034
09/03/1973 12:00,5.20603,2.16185
10/03/1973 12:00,5.1675,2.15209
11/03/1973 12:00,5.11604,2.13969
12/03/1973 12:00,5.08666,2.12782
13/03/1973 12:00,5.0508,2.11666
14/03/1973 12:00,5.02403,2.10821
15/03/1973 12:00,5.01049,2.10232
16/03/1973 12:00,5.00367,2.10008
17/03/1973 12:00,4.99828,2.09918
18/03/1973 12:00,5.02813,2.10554
19/03/1973 12:00,4.9953,2.10255
20/03/1973 12:00,4.99463,2.10645
21/03/1973 12:00,4.96818,2.09831
22/03/1973 12:00,4.9441,2.09223
23/03/1973 12:00,4.90226,2.07871
24/03/1973 12:00,4.89156,2.07876
25/03/1973 12:00,4.86244,2.06372
26/03/1973 12:00,4.84594,2.06821
27/03/1973 12:00,4.83937,2.06338
28/03/1973 12:00,4.85421,2.06885
29/03/1973 12:00,4.86462,2.07245
30/03/1973 12:00,4.88695,2.07919
31/03/1973 12:00,4.87681,2.0766
01/04/1973 12:00,4.88241,2.07533
02/04/1973 12:00,4.90467,2.07594
03/04/1973 12:00,4.94434,2.0815
04/04/1973 12:00,4.93698,2.09024
05/04/1973 12:00,4.96292,2.11018
06/04/1973 12:00,5.13351,2.13773
07/04/1973 12:00,5.21068,2.1897
08/04/1973 12:00,5.24661,2.22556
09/04/1973 12:00,5.16361,2.21743
10/04/1973 12:00,5.11001,2.20572
11/04/1973 12:00,5.0649,2.19393
12/04/1973 12:00,5.06731,2.17858
13/04/1973 12:00,5.06016,2.17138
14/04/1973 12:00,5.01706,2.15784
15/04/1973 12:00,4.95979,2.12953
16/04/1973 12:00,4.96584,2.13174
17/04/1973 12:00,4.92831,2.13014
18/04/1973 12:00,4.89338,2.11859
19/04/1973 12:00,4.86136,2.11007
20/04/1973 12:00,4.85702,2.10094
21/04/1973 12:00,4.86901,2.10507
22/04/1973 12:00,4.85086,2.10838
23/04/1973 12:00,4.81274,2.09822
24/04/1973 12:00,4.78649,2.09207
25/04/1973 12:00,4.77697,2.09091
26/04/1973 12:00,4.73316,2.07955
27/04/1973 12:00,4.72536,2.07445
28/04/1973 12:00,4.71136,2.06792
29/04/1973 12:00,4.69868,2.06414
30/04/1973 12:00,4.6727,2.05789
01/05/1973 12:00,4.65513,2.05391
02/05/1973 12:00,4.68278,2.06841
03/05/1973 12:00,4.68562,2.07446
04/05/1973 12:00,4.67363,2.06949
05/05/1973 12:00,4.66218,2.06296
06/05/1973 12:00,4.69066,2.0644
07/05/1973 12:00,4.71517,2.07143
08/05/1973 12:00,4.73543,2.07616
09/05/1973 12:00,4.78425,2.09517
10/05/1973 12:00,4.83032,2.13261
11/05/1973 12:00,4.85599,2.14636
12/05/1973 12:00,4.88642,2.14296
13/05/1973 12:00,4.89577,2.14408
14/05/1973 12:00,4.87775,2.14943
15/05/1973 12:00,4.85623,2.14137
16/05/1973 12:00,4.80014,2.12286
17/05/1973 12:00,4.7239,2.1
18/05/1973 12:00,4.67396,2.08109
19/05/1973 12:00,4.62058,2.06488
20/05/1973 12:00,4.587,2.05103
21/05/1973 12:00,4.57019,2.04327
22/05/1973 12:00,4.54884,2.03849
23/05/1973 12:00,4.53568,2.03448
24/05/1973 12:00,4.52593,2.03013
25/05/1973 12:00,4.55254,2.03635
26/05/1973 12:00,4.53966,2.03322
27/05/1973 12:00,4.51402,2.02734
28/05/1973 12:00,4.46784,2.01643
29/05/1973 12:00,4.42377,2.00387
30/05/1973 12:00,4.40516,1.98908
31/05/1973 12:00,4.39998,1.98825
01/06/1973 12:00,4.38872,1.97594
02/06/1973 12:00,4.44303,1.98663
03/06/1973 12:00,4.46416,1.99449
04/06/1973 12:00,4.57352,2.00208
05/06/1973 12:00,4.59617,2.03379
06/06/1973 12:00,4.56632,2.0438
07/06/1973 12:00,4.54884,2.03794
08/06/1973 12:00,4.51002,2.02845
09/06/1973 12:00,4.45231,2.00166
10/06/1973 12:00,4.42546,1.99493
11/06/1973 12:00,4.44838,1.99475
12/06/1973 12:00,4.45318,1.99993
13/06/1973 12:00,4.43736,2.00241
14/06/1973 12:00,4.39266,1.99052
15/06/1973 12:00,4.36321,1.98351
16/06/1973 12:00,4.34146,1.97741
17/06/1973 12:00,4.30713,1.96442
18/06/1973 12:00,4.27968,1.95586
19/06/1973 12:00,4.24994,1.9464
20/06/1973 12:00,4.22562,1.9375
21/06/1973 12:00,4.2057,1.93052
22/06/1973 12:00,4.18531,1.92388
23/06/1973 12:00,4.16849,1.91837
24/06/1973 12:00,4.15748,1.91462
25/06/1973 12:00,4.14545,1.91212
26/06/1973 12:00,4.12877,1.90786
27/06/1973 12:00,4.17069,1.91724
28/06/1973 12:00,4.17656,1.91654
29/06/1973 12:00,4.17968,1.91957
30/06/1973 12:00,4.17057,1.91761
01/07/1973 12:00,4.16061,1.91774
02/07/1973 12:00,4.13935,1.91151
03/07/1973 12:00,4.12212,1.90613
04/07/1973 12:00,4.1085,1.90418
05/07/1973 12:00,4.09296,1.89634
06/07/1973 12:00,4.08594,1.90199
07/07/1973 12:00,4.0758,1.90311
08/07/1973 12:00,4.07075,1.90201
09/07/1973 12:00,4.07118,1.90209
10/07/1973 12:00,4.05793,1.89345
11/07/1973 12:00,4.04144,1.88628
12/07/1973 12:00,4.03008,1.8834
13/07/1973 12:00,4.02496,1.88074
14/07/1973 12:00,4.0208,1.88442
15/07/1973 12:00,4.00409,1.87678
16/07/1973 12:00,3.99941,1.87755
17/07/1973 12:00,4.00881,1.87924
18/07/1973 12:00,4.02883,1.883
19/07/1973 12:00,4.03853,1.88559
20/07/1973 12:00,4.03682,1.88751
21/07/1973 12:00,4.03577,1.8858
22/07/1973 12:00,4.04364,1.88724
23/07/1973 12:00,4.04857,1.89132
24/07/1973 12:00,4.05246,1.89423
25/07/1973 12:00,4.05925,1.89781
26/07/1973 12:00,4.05837,1.90213
27/07/1973 12:00,4.07278,1.90943
28/07/1973 12:00,4.08145,1.91825
29/07/1973 12:00,4.08853,1.92838
30/07/1973 12:00,4.0758,1.92602
31/07/1973 12:00,4.05191,1.916
01/08/1973 12:00,4.03271,1.90655
02/08/1973 12:00,4.0175,1.89787
03/08/1973 12:00,3.99905,1.88665
04/08/1973 12:00,4.01994,1.90505
05/08/1973 12:00,4.08183,1.97351
06/08/1973 12:00,4.12278,2.02276
07/08/1973 12:00,4.13555,2.03345
08/08/1973 12:00,4.14688,2.03499
09/08/1973 12:00,4.17848,2.03526
10/08/1973 12:00,4.17628,2.03347
11/08/1973 12:00,4.1864,2.03826
12/08/1973 12:00,4.14847,2.01499
13/08/1973 12:00,4.12006,2.00022
14/08/1973 12:00,4.08476,1.97807
15/08/1973 12:00,4.04289,1.95156
16/08/1973 12:00,4.01103,1.93088
17/08/1973 12:00,3.98647,1.91449
18/08/1973 12:00,3.96435,1.90101
19/08/1973 12:00,3.95115,1.89156
20/08/1973 12:00,3.9393,1.88336
21/08/1973 12:00,3.945,1.88145
22/08/1973 12:00,3.93762,1.8748
23/08/1973 12:00,3.93012,1.87156
24/08/1973 12:00,3.92113,1.86669
25/08/1973 12:00,3.91345,1.86635
26/08/1973 12:00,3.89371,1.85717
27/08/1973 12:00,3.87863,1.85122
28/08/1973 12:00,3.86398,1.84747
29/08/1973 12:00,3.8597,1.84095
30/08/1973 12:00,3.85051,1.83303
31/08/1973 12:00,3.88638,1.85028
01/09/1973 12:00,3.90543,1.85607
02/09/1973 12:00,3.95725,1.87376
03/09/1973 12:00,3.98918,1.89698
04/09/1973 12:00,4.01102,1.91979
05/09/1973 12:00,3.99628,1.91113
06/09/1973 12:00,3.98997,1.90972
07/09/1973 12:00,3.98413,1.90585
08/09/1973 12:00,3.96663,1.89649
09/09/1973 12:00,3.95384,1.89106
10/09/1973 12:00,3.93291,1.88185
11/09/1973 12:00,3.91892,1.87286
12/09/1973 12:00,3.90454,1.86406
13/09/1973 12:00,3.89659,1.86054
14/09/1973 12:00,3.88521,1.85328
15/09/1973 12:00,3.87398,1.84965
16/09/1973 12:00,3.86255,1.84274
17/09/1973 12:00,3.85362,1.83945
18/09/1973 12:00,3.84415,1.83305
19/09/1973 12:00,3.84252,1.83263
20/09/1973 12:00,3.84107,1.83227
21/09/1973 12:00,3.84759,1.83275
22/09/1973 12:00,3.87,1.8334
23/09/1973 12:00,3.94846,1.84992
24/09/1973 12:00,3.99588,1.87629
25/09/1973 12:00,4.04075,1.91429
26/09/1973 12:00,4.09117,1.93141
27/09/1973 12:00,4.10841,1.94379
28/09/1973 12:00,4.11936,1.95376
29/09/1973 12:00,4.18198,1.95848
30/09/1973 12:00,4.26727,1.96227
01/10/1973 12:00,4.27541,1.98824
02/10/1973 12:00,4.25906,1.99143
03/10/1973 12:00,4.22007,1.98072
04/10/1973 12:00,4.17736,1.96993
05/10/1973 12:00,4.14735,1.9584
06/10/1973 12:00,4.12699,1.94735
07/10/1973 12:00,4.09867,1.92877
08/10/1973 12:00,4.08699,1.92378
09/10/1973 12:00,4.09864,1.92057
10/10/1973 12:00,4.26666,1.92659
11/10/1973 12:00,4.33001,1.94148
12/10/1973 12:00,4.30814,1.95713
13/10/1973 12:00,4.27058,1.95806
14/10/1973 12:00,4.21638,1.94371
15/10/1973 12:00,4.19259,1.93736
16/10/1973 12:00,4.16443,1.9296
17/10/1973 12:00,4.14318,1.92218
18/10/1973 12:00,4.12148,1.91677
19/10/1973 12:00,4.16228,1.91369
20/10/1973 12:00,4.18453,1.91505
21/10/1973 12:00,4.18288,1.91571
22/10/1973 12:00,4.16828,1.91544
23/10/1973 12:00,4.15812,1.91482
24/10/1973 12:00,4.16739,1.92271
25/10/1973 12:00,4.16755,1.92204
26/10/1973 12:00,4.14588,1.91924
27/10/1973 12:00,4.12718,1.91415
28/10/1973 12:00,4.12228,1.90953
29/10/1973 12:00,4.11592,1.90613
30/10/1973 12:00,4.11035,1.90186
31/10/1973 12:00,4.099,1.89799
01/11/1973 12:00,4.08454,1.88852
02/11/1973 12:00,4.069,1.88366
03/11/1973 12:00,4.05914,1.87458
04/11/1973 12:00,4.0537,1.87238
05/11/1973 12:00,4.04651,1.87027
06/11/1973 12:00,4.04273,1.86356
07/11/1973 12:00,4.10988,1.86891
08/11/1973 12:00,4.14946,1.89283
09/11/1973 12:00,4.20611,1.91008
10/11/1973 12:00,4.23074,1.93051
11/11/1973 12:00,4.22742,1.93798
12/11/1973 12:00,4.24124,1.94841
13/11/1973 12:00,4.27136,1.96053
14/11/1973 12:00,4.43562,1.9837
15/11/1973 12:00,4.4694,2.02485
16/11/1973 12:00,4.45176,2.02111
17/11/1973 12:00,4.6339,2.05558
18/11/1973 12:00,4.63994,2.07582
19/11/1973 12:00,4.62352,2.08745
20/11/1973 12:00,4.67549,2.09749
21/11/1973 12:00,4.66744,2.09972
22/11/1973 12:00,4.61661,2.0851
23/11/1973 12:00,4.5752,2.06843
24/11/1973 12:00,4.53968,2.04593
25/11/1973 12:00,4.63973,2.0546
26/11/1973 12:00,4.71839,2.09998
27/11/1973 12:00,4.80009,2.14051
28/11/1973 12:00,4.88916,2.19494
29/11/1973 12:00,4.89271,2.1884
30/11/1973 12:00,4.87938,2.17532
01/12/1973 12:00,4.83627,2.15619
02/12/1973 12:00,4.7749,2.11928
03/12/1973 12:00,4.74967,2.10278
04/12/1973 12:00,4.77127,2.09436
05/12/1973 12:00,4.77606,2.08852
06/12/1973 12:00,4.74547,2.07689
07/12/1973 12:00,4.86529,2.09694
08/12/1973 12:00,4.92776,2.1195
09/12/1973 12:00,4.87463,2.11086
10/12/1973 12:00,4.84473,2.09611
11/12/1973 12:00,4.79106,2.06596
12/12/1973 12:00,4.83421,2.0644
13/12/1973 12:00,4.88912,2.06602
14/12/1973 12:00,4.99882,2.10384
15/12/1973 12:00,5.08321,2.13514
16/12/1973 12:00,5.0291,2.10647
17/12/1973 12:00,5.00732,2.10612
18/12/1973 12:00,5.16481,2.16355
19/12/1973 12:00,5.15024,2.16611
20/12/1973 12:00,5.09768,2.15321
21/12/1973 12:00,5.06474,2.13116
22/12/1973 12:00,5.01694,2.10316
23/12/1973 12:00,4.97097,2.07962
24/12/1973 12:00,4.96292,2.07417
25/12/1973 12:00,4.98916,2.07776
26/12/1973 12:00,5.1992,2.10684
27/12/1973 12:00,5.2166,2.11513
28/12/1973 12:00,5.15709,2.09649
29/12/1973 12:00,5.1133,2.08778
30/12/1973 12:00,5.06794,2.06601
31/12/1973 12:00,5.06573,2.07012
01/01/1974 12:00,5.10055,2.0661
02/01/1974 12:00,5.07354,2.06558
03/01/1974 12:00,5.03861,2.04773
04/01/1974 12:00,4.99953,2.03449
05/01/1974 12:00,4.98402,2.02963
06/01/1974 12:00,4.95367,2.02454
07/01/1974 12:00,4.93666,2.01941
08/01/1974 12:00,4.96741,2.02563
09/01/1974 12:00,4.97977,2.03225
10/01/1974 12:00,5.00078,2.04244
11/01/1974 12:00,5.00414,2.04735
12/01/1974 12:00,5.01413,2.04248
13/01/1974 12:00,5.19157,2.07644
14/01/1974 12:00,5.22805,2.10152
15/01/1974 12:00,5.31982,2.13201
16/01/1974 12:00,5.54712,2.18361
17/01/1974 12:00,5.71317,2.26769
18/01/1974 12:00,5.76143,2.34274
19/01/1974 12:00,5.72542,2.32391
20/01/1974 12:00,5.66249,2.30729
21/01/1974 12:00,5.58723,2.27299
22/01/1974 12:00,5.50101,2.24168
23/01/1974 12:00,5.44287,2.22232
24/01/1974 12:00,5.38689,2.19694
25/01/1974 12:00,5.50975,2.21124
26/01/1974 12:00,5.4784,2.20821
27/01/1974 12:00,5.4197,2.18228
28/01/1974 12:00,5.3834,2.17564
29/01/1974 12:00,5.36551,2.16124
30/01/1974 12:00,5.36665,2.14366
31/01/1974 12:00,5.46604,2.19685
01/02/1974 12:00,5.44511,2.19779
02/02/1974 12:00,5.40451,2.17357
03/02/1974 12:00,5.39318,2.17006
04/02/1974 12:00,5.3521,2.14864
05/02/1974 12:00,5.32177,2.14009
06/02/1974 12:00,5.29218,2.12088
07/02/1974 12:00,5.27978,2.12565
08/02/1974 12:00,5.24626,2.10827
09/02/1974 12:00,5.23702,2.11494
10/02/1974 12:00,5.33852,2.1351
11/02/1974 12:00,5.42364,2.18352
12/02/1974 12:00,5.77676,2.28124
13/02/1974 12:00,6.02283,2.34481
14/02/1974 12:00,6.00093,2.359
15/02/1974 12:00,5.91208,2.34641
16/02/1974 12:00,5.80263,2.32166
17/02/1974 12:00,5.70832,2.29238
18/02/1974 12:00,5.62185,2.26533
19/02/1974 12:00,5.56272,2.25723
20/02/1974 12:00,5.50078,2.23266
21/02/1974 12:00,5.44984,2.21131
22/02/1974 12:00,5.47679,2.2134
23/02/1974 12:00,5.45872,2.19744
24/02/1974 12:00,5.42362,2.20091
25/02/1974 12:00,5.39147,2.18609
26/02/1974 12:00,5.3699,2.17418
27/02/1974 12:00,5.35237,2.17
28/02/1974 12:00,5.30743,2.15881
01/03/1974 12:00,5.27009,2.14633
02/03/1974 12:00,5.25658,2.14362
03/03/1974 12:00,5.24602,2.1441
04/03/1974 12:00,5.23856,2.1409
05/03/1974 12:00,5.24581,2.13786
06/03/1974 12:00,5.23706,2.13538
07/03/1974 12:00,5.22689,2.1339
08/03/1974 12:00,5.20001,2.12978
09/03/1974 12:00,5.18867,2.12889
10/03/1974 12:00,5.15735,2.12501
11/03/1974 12:00,5.14546,2.12388
12/03/1974 12:00,5.11351,2.12171
13/03/1974 12:00,5.08759,2.11773
14/03/1974 12:00,5.07961,2.11468
15/03/1974 12:00,5.05832,2.10058
16/03/1974 12:00,5.06325,2.10878
17/03/1974 12:00,5.06557,2.10957
18/03/1974 12:00,5.10118,2.1213
19/03/1974 12:00,5.1315,2.1292
20/03/1974 12:00,5.21891,2.1524
21/03/1974 12:00,5.29558,2.20048
22/03/1974 12:00,5.3457,2.23382
23/03/1974 12:00,5.32342,2.24506
24/03/1974 12:00,5.26026,2.23435
25/03/1974 12:00,5.1619,2.19876
26/03/1974 12:00,5.09131,2.16442
27/03/1974 12:00,5.03922,2.15276
28/03/1974 12:00,4.99995,2.1366
29/03/1974 12:00,4.96467,2.1281
30/03/1974 12:00,4.93837,2.11629
31/03/1974 12:00,4.90008,2.10636
01/04/1974 12:00,4.87444,2.09749
02/04/1974 12:00,4.86088,2.09268
03/04/1974 12:00,4.84157,2.08699
04/04/1974 12:00,4.83411,2.08465
05/04/1974 12:00,4.81864,2.09018
06/04/1974 12:00,4.79836,2.08466
07/04/1974 12:00,4.76789,2.07661
08/04/1974 12:00,4.74286,2.06535
09/04/1974 12:00,4.71861,2.05759
10/04/1974 12:00,4.69961,2.05208
11/04/1974 12:00,4.70107,2.04953
12/04/1974 12:00,4.68713,2.04486
13/04/1974 12:00,4.67374,2.04228
14/04/1974 12:00,4.66101,2.03872
15/04/1974 12:00,4.63425,2.03316
16/04/1974 12:00,4.61405,2.02762
17/04/1974 12:00,4.6068,2.0241
18/04/1974 12:00,4.59367,2.01756
19/04/1974 12:00,4.59176,2.01949
20/04/1974 12:00,4.56069,2.00876
21/04/1974 12:00,4.53939,2.00172
22/04/1974 12:00,4.52857,1.99986
23/04/1974 12:00,4.5199,2.00154
24/04/1974 12:00,4.49861,1.99451
25/04/1974 12:00,4.48978,1.99245
26/04/1974 12:00,4.48428,1.99027
27/04/1974 12:00,4.47732,1.9935
28/04/1974 12:00,4.45656,1.98808
29/04/1974 12:00,4.43161,1.9846
30/04/1974 12:00,4.41655,1.98041
01/05/1974 12:00,4.41521,1.978
02/05/1974 12:00,4.43527,1.98366
03/05/1974 12:00,4.49948,1.98993
04/05/1974 12:00,4.55627,1.99943
05/05/1974 12:00,4.5892,2.02734
06/05/1974 12:00,4.58572,2.03986
07/05/1974 12:00,4.55099,2.03858
08/05/1974 12:00,4.52585,2.03263
09/05/1974 12:00,4.50463,2.02873
10/05/1974 12:00,4.46738,2.02205
11/05/1974 12:00,4.41821,2.00181
12/05/1974 12:00,4.39042,1.99077
13/05/1974 12:00,4.37489,1.9851
14/05/1974 12:00,4.35487,1.98325
15/05/1974 12:00,4.325,1.97397
16/05/1974 12:00,4.30883,1.96524
17/05/1974 12:00,4.29789,1.96443
18/05/1974 12:00,4.2788,1.95705
19/05/1974 12:00,4.26322,1.95152
20/05/1974 12:00,4.25671,1.94753
21/05/1974 12:00,4.25387,1.94812
22/05/1974 12:00,4.24236,1.94456
23/05/1974 12:00,4.23897,1.94603
24/05/1974 12:00,4.22082,1.94171
25/05/1974 12:00,4.21582,1.94136
26/05/1974 12:00,4.2123,1.94158
27/05/1974 12:00,4.20204,1.93659
28/05/1974 12:00,4.20477,1.93871
29/05/1974 12:00,4.20385,1.94007
30/05/1974 12:00,4.25123,1.95306
31/05/1974 12:00,4.26499,1.95485
01/06/1974 12:00,4.26921,1.95797
02/06/1974 12:00,4.26486,1.95935
03/06/1974 12:00,4.26122,1.96056
04/06/1974 12:00,4.28139,1.96438
05/06/1974 12:00,4.28047,1.9677
06/06/1974 12:00,4.27055,1.97052
07/06/1974 12:00,4.26693,1.96813
08/06/1974 12:00,4.26552,1.96598
09/06/1974 12:00,4.25066,1.95941
10/06/1974 12:00,4.21923,1.95473
11/06/1974 12:00,4.20577,1.94799
12/06/1974 12:00,4.20628,1.95245
13/06/1974 12:00,4.19734,1.95385
14/06/1974 12:00,4.18195,1.94946
15/06/1974 12:00,4.159,1.93829
16/06/1974 12:00,4.13105,1.92903
17/06/1974 12:00,4.1574,1.93779
18/06/1974 12:00,4.14587,1.92912
19/06/1974 12:00,4.13825,1.92665
20/06/1974 12:00,4.12343,1.91986
21/06/1974 12:00,4.11054,1.92015
22/06/1974 12:00,4.08487,1.9141
23/06/1974 12:00,4.06663,1.90927
24/06/1974 12:00,4.05077,1.90605
25/06/1974 12:00,4.05074,1.91558
26/06/1974 12:00,4.04871,1.92253
27/06/1974 12:00,4.02325,1.91263
28/06/1974 12:00,4.00481,1.89776
29/06/1974 12:00,4.0024,1.89558
30/06/1974 12:00,3.99047,1.89311
01/07/1974 12:00,3.98129,1.88716
02/07/1974 12:00,3.97668,1.88523
03/07/1974 12:00,3.97461,1.88445
04/07/1974 12:00,4.00293,1.89921
05/07/1974 12:00,4.04223,1.90491
06/07/1974 12:00,4.08465,1.92798
07/07/1974 12:00,4.10879,1.94896
08/07/1974 12:00,4.12322,1.95878
09/07/1974 12:00,4.10484,1.94777
10/07/1974 12:00,4.10027,1.94914
11/07/1974 12:00,4.08646,1.94376
12/07/1974 12:00,4.0814,1.93981
13/07/1974 12:00,4.0724,1.93269
14/07/1974 12:00,4.07797,1.9327
15/07/1974 12:00,4.1951,1.94067
16/07/1974 12:00,4.35529,1.97093
17/07/1974 12:00,4.42484,2.00286
18/07/1974 12:00,4.42707,2.00546
19/07/1974 12:00,4.4088,2.02252
20/07/1974 12:00,4.36817,2.01807
21/07/1974 12:00,4.32869,2.0137
22/07/1974 12:00,4.28159,1.99635
23/07/1974 12:00,4.2368,1.98127
24/07/1974 12:00,4.23804,1.97592
25/07/1974 12:00,4.21138,1.96977
26/07/1974 12:00,4.25171,1.96478
27/07/1974 12:00,4.223,1.96153
28/07/1974 12:00,4.18597,1.95592
29/07/1974 12:00,4.20463,1.95743
30/07/1974 12:00,4.22439,1.96768
31/07/1974 12:00,4.26514,1.99313
01/08/1974 12:00,4.2543,1.99669
02/08/1974 12:00,4.21548,1.98326
03/08/1974 12:00,4.17313,1.96989
04/08/1974 12:00,4.15498,1.95721
05/08/1974 12:00,4.12248,1.9449
06/08/1974 12:00,4.08652,1.92601
07/08/1974 12:00,4.06217,1.91756
08/08/1974 12:00,4.02545,1.89299
09/08/1974 12:00,4.0187,1.88723
10/08/1974 12:00,4.04372,1.89698
11/08/1974 12:00,4.06313,1.90137
12/08/1974 12:00,4.09732,1.93328
13/08/1974 12:00,4.12821,1.96325
14/08/1974 12:00,4.16221,1.98728
15/08/1974 12:00,4.17529,1.99837
16/08/1974 12:00,4.16397,1.98963
17/08/1974 12:00,4.1303,1.9711
18/08/1974 12:00,4.10691,1.9605
19/08/1974 12:00,4.07284,1.94033
20/08/1974 12:00,4.02939,1.91822
21/08/1974 12:00,4.00713,1.90313
22/08/1974 12:00,3.98432,1.89076
23/08/1974 12:00,3.9688,1.87894
24/08/1974 12:00,3.95669,1.87586
25/08/1974 12:00,3.93908,1.8602
26/08/1974 12:00,3.93363,1.85797
27/08/1974 12:00,3.92991,1.85852
28/08/1974 12:00,3.93542,1.85701
29/08/1974 12:00,3.9325,1.85929
30/08/1974 12:00,3.91492,1.85341
31/08/1974 12:00,3.90017,1.84578
01/09/1974 12:00,3.88574,1.83896
02/09/1974 12:00,3.87032,1.83295
03/09/1974 12:00,3.88318,1.83577
04/09/1974 12:00,3.90036,1.84081
05/09/1974 12:00,3.916,1.8494
06/09/1974 12:00,3.95396,1.85997
07/09/1974 12:00,4.019,1.89264
08/09/1974 12:00,4.11094,1.95447
09/09/1974 12:00,4.23612,2.01119
10/09/1974 12:00,4.32269,2.0693
11/09/1974 12:00,4.37533,2.10168
12/09/1974 12:00,4.36072,2.09828
13/09/1974 12:00,4.33158,2.08406
14/09/1974 12:00,4.2897,2.0642
15/09/1974 12:00,4.28706,2.05756
16/09/1974 12:00,4.26743,2.05904
17/09/1974 12:00,4.25271,2.05316
18/09/1974 12:00,4.21575,2.02932
19/09/1974 12:00,4.17659,2.00852
20/09/1974 12:00,4.15286,1.99411
21/09/1974 12:00,4.14624,1.97418
22/09/1974 12:00,4.13852,1.96668
23/09/1974 12:00,4.20727,1.97387
24/09/1974 12:00,4.3723,2.00028
25/09/1974 12:00,4.43047,2.04348
26/09/1974 12:00,4.44597,2.0568
27/09/1974 12:00,4.41986,2.04892
28/09/1974 12:00,4.39411,2.03744
29/09/1974 12:00,4.49227,2.04664
30/09/1974 12:00,4.48342,2.05881
01/10/1974 12:00,4.43249,2.05091
02/10/1974 12:00,4.40476,2.04323
03/10/1974 12:00,4.40011,2.03327
04/10/1974 12:00,4.45197,2.04038
05/10/1974 12:00,4.50562,2.07118
06/10/1974 12:00,4.49289,2.06644
07/10/1974 12:00,4.52072,2.07029
08/10/1974 12:00,4.51102,2.06636
09/10/1974 12:00,4.49003,2.0593
10/10/1974 12:00,4.48621,2.05479
11/10/1974 12:00,4.48076,2.06035
12/10/1974 12:00,4.48772,2.05561
13/10/1974 12:00,4.48222,2.04787
14/10/1974 12:00,4.4579,2.04015
15/10/1974 12:00,4.4286,2.02674
16/10/1974 12:00,4.38388,2.00363
17/10/1974 12:00,4.35333,1.99552
18/10/1974 12:00,4.32358,1.9765
19/10/1974 12:00,4.29368,1.96238
20/10/1974 12:00,4.3149,1.96598
21/10/1974 12:00,4.38519,1.98128
22/10/1974 12:00,4.42564,1.99083
23/10/1974 12:00,4.40812,1.9866
24/10/1974 12:00,4.46497,1.98853
25/10/1974 12:00,4.45106,1.98784
26/10/1974 12:00,4.457,1.98971
27/10/1974 12:00,4.45443,1.98867
28/10/1974 12:00,4.46305,1.98813
29/10/1974 12:00,4.47617,1.9898
30/10/1974 12:00,4.47596,1.99742
31/10/1974 12:00,4.46096,1.99223
01/11/1974 12:00,4.44621,1.98994
02/11/1974 12:00,4.43406,1.97772
03/11/1974 12:00,4.4219,1.97628
04/11/1974 12:00,4.41838,1.97306
05/11/1974 12:00,4.38682,1.95954
06/11/1974 12:00,4.36881,1.94796
07/11/1974 12:00,4.37435,1.94748
08/11/1974 12:00,4.39381,1.94239
09/11/1974 12:00,4.40288,1.94551
10/11/1974 12:00,4.41521,1.94939
11/11/1974 12:00,4.51168,1.98283
12/11/1974 12:00,4.59213,2.01437
13/11/1974 12:00,4.79546,2.05555
14/11/1974 12:00,4.9332,2.12607
15/11/1974 12:00,4.99985,2.15394
16/11/1974 12:00,5.11752,2.19235
17/11/1974 12:00,5.17859,2.21621
18/11/1974 12:00,5.44381,2.31152
19/11/1974 12:00,5.43821,2.33397
20/11/1974 12:00,5.41575,2.31177
21/11/1974 12:00,5.41606,2.28767
22/11/1974 12:00,5.36229,2.27335
23/11/1974 12:00,5.27169,2.24902
24/11/1974 12:00,5.15664,2.20587
25/11/1974 12:00,5.09123,2.16968
26/11/1974 12:00,5.10568,2.16536
27/11/1974 12:00,5.10056,2.15669
28/11/1974 12:00,5.13458,2.14871
29/11/1974 12:00,5.24301,2.174
30/11/1974 12:00,5.28254,2.16758
01/12/1974 12:00,5.22605,2.13901
02/12/1974 12:00,5.18099,2.12131
03/12/1974 12:00,5.19164,2.12323
04/12/1974 12:00,5.17886,2.11853
05/12/1974 12:00,5.14862,2.09772
06/12/1974 12:00,5.27539,2.13131
07/12/1974 12:00,5.26045,2.13593
08/12/1974 12:00,5.35407,2.15109
09/12/1974 12:00,5.33434,2.15375
10/12/1974 12:00,5.36558,2.16169
11/12/1974 12:00,5.47484,2.19417
12/12/1974 12:00,5.50592,2.22556
13/12/1974 12:00,5.44742,2.19818
14/12/1974 12:00,5.41149,2.19773
15/12/1974 12:00,5.42505,2.19582
16/12/1974 12:00,5.45916,2.20382
17/12/1974 12:00,5.52584,2.20426
18/12/1974 12:00,5.83739,2.319
19/12/1974 12:00,6.01983,2.41975
20/12/1974 12:00,5.99261,2.39428
21/12/1974 12:00,5.98444,2.38477
22/12/1974 12:00,5.94464,2.35549
23/12/1974 12:00,5.90477,2.34272
24/12/1974 12:00,5.9133,2.34442
25/12/1974 12:00,5.88937,2.3745
26/12/1974 12:00,5.95007,2.38055
27/12/1974 12:00,6.0821,2.38695
28/12/1974 12:00,6.14892,2.38956
29/12/1974 12:00,6.17475,2.39902
30/12/1974 12:00,6.08169,2.36779
31/12/1974 12:00,5.99381,2.33792
01/01/1975 12:00,5.9809,2.34849
02/01/1975 12:00,6.0013,2.32655
03/01/1975 12:00,5.98047,2.31707
04/01/1975 12:00,5.89985,2.29352
05/01/1975 12:00,5.90432,2.28102
06/01/1975 12:00,5.94827,2.29789
07/01/1975 12:00,5.93484,2.29053
08/01/1975 12:00,5.91002,2.29014
09/01/1975 12:00,5.9515,2.30625
10/01/1975 12:00,5.93671,2.31604
11/01/1975 12:00,6.00408,2.34201
12/01/1975 12:00,6.09198,2.35266
13/01/1975 12:00,6.26546,2.38636
14/01/1975 12:00,6.2756,2.39627
15/01/1975 12:00,6.21773,2.38236
16/01/1975 12:00,6.19423,2.3867
17/01/1975 12:00,6.15015,2.3749
18/01/1975 12:00,6.34976,2.42591
19/01/1975 12:00,6.49205,2.45043
20/01/1975 12:00,6.66064,2.48887
21/01/1975 12:00,6.5271,2.48358
22/01/1975 12:00,6.439,2.46
23/01/1975 12:00,6.50879,2.47041
24/01/1975 12:00,7.06089,2.6001
25/01/1975 12:00,7.36255,2.67563
26/01/1975 12:00,7.23657,2.66771
27/01/1975 12:00,7.32138,2.70466
28/01/1975 12:00,7.17468,2.67811
29/01/1975 12:00,7.35255,2.71973
30/01/1975 12:00,7.54168,2.77138
31/01/1975 12:00,7.5081,2.75351
01/02/1975 12:00,7.5242,2.76537
02/02/1975 12:00,7.49781,2.7268
03/02/1975 12:00,7.3524,2.68811
04/02/1975 12:00,7.19541,2.64167
05/02/1975 12:00,7.06924,2.61281
06/02/1975 12:00,6.96218,2.59268
07/02/1975 12:00,6.86296,2.57782
08/02/1975 12:00,6.81301,2.56891
09/02/1975 12:00,6.72688,2.55919
10/02/1975 12:00,6.6578,2.54968
11/02/1975 12:00,6.63525,2.55314
12/02/1975 12:00,6.5729,2.54727
13/02/1975 12:00,6.53078,2.53587
14/02/1975 12:00,6.50292,2.55817
15/02/1975 12:00,6.44523,2.54259
16/02/1975 12:00,6.38505,2.52723
17/02/1975 12:00,6.3511,2.51879
18/02/1975 12:00,6.33652,2.51264
19/02/1975 12:00,6.43155,2.53345
20/02/1975 12:00,6.41599,2.54479
21/02/1975 12:00,6.33378,2.53316
22/02/1975 12:00,6.2825,2.51869
23/02/1975 12:00,6.18859,2.49878
24/02/1975 12:00,6.16778,2.49143
25/02/1975 12:00,6.14318,2.50054
26/02/1975 12:00,6.09032,2.48756
27/02/1975 12:00,6.06328,2.47797
28/02/1975 12:00,6.05448,2.47995
01/03/1975 12:00,6.02304,2.46966
02/03/1975 12:00,6.02537,2.4834
03/03/1975 12:00,6.02866,2.49348
04/03/1975 12:00,6.18883,2.51721
05/03/1975 12:00,6.2688,2.54022
06/03/1975 12:00,6.57121,2.5731
07/03/1975 12:00,6.89156,2.63654
08/03/1975 12:00,6.83862,2.65699
09/03/1975 12:00,6.69639,2.66037
10/03/1975 12:00,6.62547,2.65722
11/03/1975 12:00,6.50345,2.64586
12/03/1975 12:00,6.35887,2.61458
13/03/1975 12:00,6.25796,2.60226
14/03/1975 12:00,6.21941,2.60232
15/03/1975 12:00,6.18864,2.58685
16/03/1975 12:00,6.10769,2.5696
17/03/1975 12:00,6.06846,2.56422
18/03/1975 12:00,6.00743,2.54035
19/03/1975 12:00,5.98103,2.53715
20/03/1975 12:00,5.91861,2.51539
21/03/1975 12:00,5.88844,2.51232
22/03/1975 12:00,5.85843,2.50303
23/03/1975 12:00,5.83252,2.50218
24/03/1975 12:00,5.81871,2.4937
25/03/1975 12:00,5.80718,2.49551
26/03/1975 12:00,5.80453,2.49647
27/03/1975 12:00,5.82457,2.49987
28/03/1975 12:00,5.87577,2.5368
29/03/1975 12:00,5.86526,2.53382
30/03/1975 12:00,5.86071,2.53052
31/03/1975 12:00,5.8308,2.52575
01/04/1975 12:00,5.814,2.52524
02/04/1975 12:00,5.78237,2.51992
03/04/1975 12:00,5.83918,2.55285
04/04/1975 12:00,5.86011,2.56537
05/04/1975 12:00,5.84756,2.56314
06/04/1975 12:00,5.9578,2.57466
07/04/1975 12:00,6.45947,2.66587
08/04/1975 12:00,6.51668,2.72958
09/04/1975 12:00,6.52269,2.73642
10/04/1975 12:00,6.5219,2.73223
11/04/1975 12:00,6.44204,2.70797
12/04/1975 12:00,6.33284,2.6852
13/04/1975 12:00,6.15832,2.65068
14/04/1975 12:00,6.12391,2.6451
15/04/1975 12:00,6.11418,2.64219
16/04/1975 12:00,6.35905,2.7112
17/04/1975 12:00,6.30858,2.72587
18/04/1975 12:00,6.14132,2.68572
19/04/1975 12:00,6.04434,2.66161
20/04/1975 12:00,5.99667,2.63771
21/04/1975 12:00,5.89653,2.61013
22/04/1975 12:00,5.87316,2.5988
23/04/1975 12:00,5.86056,2.59075
24/04/1975 12:00,5.81939,2.56956
25/04/1975 12:00,5.71989,2.5383
26/04/1975 12:00,5.66009,2.52802
27/04/1975 12:00,5.63052,2.50744
28/04/1975 12:00,5.60034,2.50274
29/04/1975 12:00,5.5638,2.4911
30/04/1975 12:00,5.56558,2.49247
01/05/1975 12:00,5.68259,2.5081
02/05/1975 12:00,5.79686,2.52754
03/05/1975 12:00,5.96542,2.57471
04/05/1975 12:00,5.9125,2.5899
05/05/1975 12:00,5.78683,2.54962
06/05/1975 12:00,5.68463,2.51845
07/05/1975 12:00,5.61136,2.50016
08/05/1975 12:00,5.55393,2.47818
09/05/1975 12:00,5.44041,2.44611
10/05/1975 12:00,5.44623,2.44708
11/05/1975 12:00,5.45982,2.45006
12/05/1975 12:00,5.39549,2.43259
13/05/1975 12:00,5.4115,2.43382
14/05/1975 12:00,5.38903,2.42775
15/05/1975 12:00,5.38172,2.42708
16/05/1975 12:00,5.34244,2.41806
17/05/1975 12:00,5.32213,2.41063
18/05/1975 12:00,5.32072,2.41469
19/05/1975 12:00,5.44543,2.43253
20/05/1975 12:00,5.45623,2.44475
21/05/1975 12:00,5.42548,2.44422
22/05/1975 12:00,5.37643,2.43442
23/05/1975 12:00,5.34417,2.42892
24/05/1975 12:00,5.33973,2.41964
25/05/1975 12:00,5.30246,2.41307
26/05/1975 12:00,5.2411,2.39255
27/05/1975 12:00,5.16871,2.36841
28/05/1975 12:00,5.11899,2.35339
29/05/1975 12:00,5.08322,2.34175
30/05/1975 12:00,5.07088,2.34267
31/05/1975 12:00,5.06629,2.34305
01/06/1975 12:00,5.0351,2.33263
02/06/1975 12:00,5.08562,2.34882
03/06/1975 12:00,5.13911,2.3686
04/06/1975 12:00,5.19992,2.38335
05/06/1975 12:00,5.25667,2.39515
06/06/1975 12:00,5.28622,2.41633
07/06/1975 12:00,5.2346,2.40761
08/06/1975 12:00,5.15891,2.39231
09/06/1975 12:00,5.08295,2.366
10/06/1975 12:00,5.02159,2.34191
11/06/1975 12:00,4.93821,2.31162
12/06/1975 12:00,4.91097,2.3042
13/06/1975 12:00,4.90284,2.29999
14/06/1975 12:00,4.9056,2.304
15/06/1975 12:00,4.90331,2.30406
16/06/1975 12:00,4.89898,2.30229
17/06/1975 12:00,4.86806,2.29253
18/06/1975 12:00,4.85215,2.28409
19/06/1975 12:00,4.81764,2.27613
20/06/1975 12:00,4.78504,2.26496
21/06/1975 12:00,4.76269,2.25753
22/06/1975 12:00,4.72586,2.24333
23/06/1975 12:00,4.70446,2.23564
24/06/1975 12:00,4.68317,2.22908
25/06/1975 12:00,4.67258,2.22555
26/06/1975 12:00,4.66865,2.22365
27/06/1975 12:00,4.65075,2.22552
28/06/1975 12:00,4.64,2.21755
29/06/1975 12:00,4.62007,2.20559
30/06/1975 12:00,4.60465,2.20452
01/07/1975 12:00,4.58252,2.19072
02/07/1975 12:00,4.56916,2.1922
03/07/1975 12:00,4.55357,2.18608
04/07/1975 12:00,4.53448,2.18106
05/07/1975 12:00,4.51955,2.17525
06/07/1975 12:00,4.51813,2.17193
07/07/1975 12:00,4.52448,2.17706
08/07/1975 12:00,4.52225,2.17955
09/07/1975 12:00,4.51559,2.17987
10/07/1975 12:00,4.5071,2.17546
11/07/1975 12:00,4.49856,2.17673
12/07/1975 12:00,4.53894,2.1973
13/07/1975 12:00,4.53874,2.19819
14/07/1975 12:00,4.53016,2.19396
15/07/1975 12:00,4.51998,2.19008
16/07/1975 12:00,4.52025,2.18933
17/07/1975 12:00,4.57178,2.19202
18/07/1975 12:00,4.58675,2.20275
19/07/1975 12:00,4.5773,2.20912
20/07/1975 12:00,4.56047,2.20448
21/07/1975 12:00,4.538,2.19713
22/07/1975 12:00,4.52685,2.18882
23/07/1975 12:00,4.52208,2.18826
24/07/1975 12:00,4.57054,2.19929
25/07/1975 12:00,4.59205,2.20406
26/07/1975 12:00,4.59936,2.21241
27/07/1975 12:00,4.57547,2.2162
28/07/1975 12:00,4.54349,2.2085
29/07/1975 12:00,4.50041,2.18763
30/07/1975 12:00,4.48546,2.17962
31/07/1975 12:00,4.47344,2.1739
01/08/1975 12:00,4.47299,2.17777
02/08/1975 12:00,4.46194,2.1804
03/08/1975 12:00,4.44911,2.17429
04/08/1975 12:00,4.42034,2.16044
05/08/1975 12:00,4.39468,2.1462
06/08/1975 12:00,4.36804,2.13249
07/08/1975 12:00,4.34501,2.12071
08/08/1975 12:00,4.32363,2.11063
09/08/1975 12:00,4.30306,2.10159
10/08/1975 12:00,4.27769,2.08756
11/08/1975 12:00,4.25808,2.07812
12/08/1975 12:00,4.24384,2.07215
13/08/1975 12:00,4.23556,2.06685
14/08/1975 12:00,4.22988,2.06573
15/08/1975 12:00,4.23496,2.06827
16/08/1975 12:00,4.24676,2.07922
17/08/1975 12:00,4.24617,2.07715
18/08/1975 12:00,4.30461,2.09013
19/08/1975 12:00,4.36859,2.12229
20/08/1975 12:00,4.40322,2.14681
21/08/1975 12:00,4.41136,2.16206
22/08/1975 12:00,4.41273,2.1674
23/08/1975 12:00,4.42436,2.17314
24/08/1975 12:00,4.4317,2.17973
25/08/1975 12:00,4.42765,2.17795
26/08/1975 12:00,4.40336,2.16705
27/08/1975 12:00,4.37343,2.15065
28/08/1975 12:00,4.35323,2.13926
29/08/1975 12:00,4.33443,2.13184
30/08/1975 12:00,4.31376,2.11852
31/08/1975 12:00,4.29135,2.10669
01/09/1975 12:00,4.27299,2.10065
02/09/1975 12:00,4.25307,2.08889
03/09/1975 12:00,4.24148,2.08198
04/09/1975 12:00,4.2479,2.08334
05/09/1975 12:00,4.27899,2.09107
06/09/1975 12:00,4.29351,2.10027
07/09/1975 12:00,4.29116,2.09695
08/09/1975 12:00,4.29599,2.09699
09/09/1975 12:00,4.29645,2.09911
10/09/1975 12:00,4.29167,2.0972
11/09/1975 12:00,4.42222,2.10978
12/09/1975 12:00,4.47745,2.13593
13/09/1975 12:00,4.51643,2.15438
14/09/1975 12:00,4.55131,2.1713
15/09/1975 12:00,4.67574,2.19246
16/09/1975 12:00,4.67825,2.20115
17/09/1975 12:00,4.64345,2.2011
18/09/1975 12:00,4.59948,2.19093
19/09/1975 12:00,4.55373,2.17961
20/09/1975 12:00,4.51994,2.16973
21/09/1975 12:00,4.47778,2.15397
22/09/1975 12:00,4.48843,2.14971
23/09/1975 12:00,4.4824,2.1464
24/09/1975 12:00,4.45889,2.141
25/09/1975 12:00,4.46009,2.1382
26/09/1975 12:00,4.48516,2.1437
27/09/1975 12:00,4.56935,2.15861
28/09/1975 12:00,4.5903,2.17141
29/09/1975 12:00,4.70207,2.18658
30/09/1975 12:00,4.70018,2.19351
01/10/1975 12:00,4.65979,2.18596
02/10/1975 12:00,4.6548,2.19012
03/10/1975 12:00,4.66125,2.18757
04/10/1975 12:00,4.70099,2.19877
05/10/1975 12:00,4.89025,2.24491
06/10/1975 12:00,4.92441,2.27473
07/10/1975 12:00,4.8537,2.26338
08/10/1975 12:00,4.79107,2.23382
09/10/1975 12:00,4.74291,2.22197
10/10/1975 12:00,4.7116,2.21288
11/10/1975 12:00,4.6728,2.18845
12/10/1975 12:00,4.63977,2.1816
13/10/1975 12:00,4.60741,2.16596
14/10/1975 12:00,4.59927,2.16085
15/10/1975 12:00,4.59135,2.15827
16/10/1975 12:00,4.63716,2.16101
17/10/1975 12:00,4.64359,2.17159
18/10/1975 12:00,4.62803,2.16591
19/10/1975 12:00,4.60569,2.1584
20/10/1975 12:00,4.585,2.14246
21/10/1975 12:00,4.57222,2.13838
22/10/1975 12:00,4.54977,2.12744
23/10/1975 12:00,4.56174,2.12725
24/10/1975 12:00,4.56168,2.12696
25/10/1975 12:00,4.55588,2.12444
26/10/1975 12:00,4.54153,2.12141
27/10/1975 12:00,4.53628,2.11848
28/10/1975 12:00,4.52576,2.10946
29/10/1975 12:00,4.52137,2.10782
30/10/1975 12:00,4.51879,2.10559
31/10/1975 12:00,4.51363,2.10262
01/11/1975 12:00,4.51216,2.0945
02/11/1975 12:00,4.51362,2.09448
03/11/1975 12:00,4.53451,2.0957
04/11/1975 12:00,4.54802,2.09487
05/11/1975 12:00,4.56657,2.09607
06/11/1975 12:00,4.56169,2.09446
07/11/1975 12:00,4.58169,2.10341
08/11/1975 12:00,4.69023,2.12751
09/11/1975 12:00,4.68892,2.12982
10/11/1975 12:00,4.68082,2.13641
11/11/1975 12:00,4.65914,2.12595
12/11/1975 12:00,4.62982,2.10741
13/11/1975 12:00,4.616,2.10615
14/11/1975 12:00,4.59726,2.10266
15/11/1975 12:00,4.61554,2.10131
16/11/1975 12:00,4.60517,2.09979
17/11/1975 12:00,4.68139,2.10044
18/11/1975 12:00,4.85239,2.14615
19/11/1975 12:00,4.86455,2.17591
20/11/1975 12:00,4.87718,2.16903
21/11/1975 12:00,5.02329,2.19032
22/11/1975 12:00,5.0902,2.21048
23/11/1975 12:00,5.13579,2.23883
24/11/1975 12:00,5.09347,2.24631
25/11/1975 12:00,5.01778,2.23296
26/11/1975 12:00,4.97199,2.21751
27/11/1975 12:00,4.91794,2.19056
28/11/1975 12:00,4.97339,2.20351
29/11/1975 12:00,5.06791,2.23387
30/11/1975 12:00,5.09245,2.22617
01/12/1975 12:00,5.14384,2.22146
02/12/1975 12:00,5.14143,2.21711
03/12/1975 12:00,5.38889,2.30297
04/12/1975 12:00,5.50324,2.36065
05/12/1975 12:00,5.45179,2.34328
06/12/1975 12:00,5.34479,2.30114
07/12/1975 12:00,5.30622,2.27521
08/12/1975 12:00,5.24812,2.25758
09/12/1975 12:00,5.23077,2.24749
10/12/1975 12:00,5.19303,2.22039
11/12/1975 12:00,5.16564,2.21286
12/12/1975 12:00,5.1208,2.18971
13/12/1975 12:00,5.10737,2.18792
14/12/1975 12:00,5.1145,2.18413
15/12/1975 12:00,5.08706,2.1617
16/12/1975 12:00,5.0805,2.1603
17/12/1975 12:00,5.08655,2.15918
18/12/1975 12:00,5.098,2.15154
19/12/1975 12:00,5.07611,2.14066
20/12/1975 12:00,5.07164,2.13738
21/12/1975 12:00,5.03329,2.11802
22/12/1975 12:00,5.04086,2.11672
23/12/1975 12:00,5.02513,2.10252
24/12/1975 12:00,5.01487,2.08842
25/12/1975 12:00,5.08498,2.1146
26/12/1975 12:00,5.14275,2.12384
27/12/1975 12:00,5.17166,2.12586
28/12/1975 12:00,5.16401,2.12506
29/12/1975 12:00,5.11299,2.10768
30/12/1975 12:00,5.09618,2.10973
31/12/1975 00:00,5.08346,2.10995