Time,Obs_5,Obs_35,Obs_37,Obs_65
03/12/1970 00:00,63.703,43.313,35.666,27.505
10/12/1970 00:00,64.106,43.597,35.773,27.241
17/12/1970 00:00,63.848,43.496,35.648,27.266
24/12/1970 00:00,64.236,43.78,35.598,27.533
31/12/1970 00:00,64.348,43.526,35.676,27.268
07/01/1971 00:00,64.275,43.71,35.516,27.173
14/01/1971 00:00,64.259,43.578,35.708,27.233
21/01/1971 00:00,64.132,43.692,35.502,27.219
28/01/1971 00:00,64.359,43.727,35.733,27.303
04/02/1971 00:00,64.132,43.747,35.582,27.146
11/02/1971 00:00,64.471,43.73,35.619,27.111
18/02/1971 00:00,64.376,43.968,35.691,27.178
25/02/1971 00:00,64.389,43.839,35.715,27.107
04/03/1971 00:00,64.44,43.858,35.522,27.006
11/03/1971 00:00,64.176,43.666,35.455,27.144
18/03/1971 00:00,64.382,43.535,35.474,26.992
25/03/1971 00:00,64.328,43.656,35.402,27.031
01/04/1971 00:00,64.44,43.595,35.454,27.035
08/04/1971 00:00,64.245,43.843,35.251,26.921
15/04/1971 00:00,64.535,43.713,-999,27.151
22/04/1971 00:00,64.624,-999,-999,26.817
29/04/1971 00:00,64.481,-999,-999,27.004
06/05/1971 00:00,64.413,-999,-999,26.999
13/05/1971 00:00,64.478,-999,-999,26.953
20/05/1971 00:00,-999,-999,-999,26.855
27/05/1971 00:00,-999,-999,-999,26.681
03/06/1971 00:00,-999,-999,-999,26.693
10/06/1971 00:00,-999,-999,-999,26.522
17/06/1971 00:00,-999,-999,-999,26.624
24/06/1971 00:00,-999,43.158,-999,26.685
01/07/1971 00:00,-999,43.209,-999,26.638
08/07/1971 00:00,-999,42.964,-999,26.763
15/07/1971 00:00,-999,43.182,-999,26.548
22/07/1971 00:00,64.382,43.077,-999,26.547
29/07/1971 00:00,64.131,42.96,-999,26.509
05/08/1971 00:00,64.153,43.141,-999,26.764
12/08/1971 00:00,64.117,42.983,-999,26.667
19/08/1971 00:00,64.341,42.993,-999,26.752
26/08/1971 00:00,64.203,43.003,-999,26.602
02/09/1971 00:00,64.138,43.051,-999,26.61
09/09/1971 00:00,63.929,43.112,34.964,26.883
16/09/1971 00:00,64.137,42.998,35.065,26.539
23/09/1971 00:00,64.149,42.844,35.02,26.506
30/09/1971 00:00,64.071,42.707,35.095,26.734
07/10/1971 00:00,64.252,42.882,35.219,26.826
14/10/1971 00:00,64.233,42.59,35.301,26.963
21/10/1971 00:00,64.159,42.744,35.463,27.142
28/10/1971 00:00,63.983,43.029,35.314,27.01
04/11/1971 00:00,64.17,43.128,35.5,26.896
11/11/1971 00:00,63.91,42.937,35.37,26.935
18/11/1971 00:00,64.209,42.821,35.52,27.182
25/11/1971 00:00,64.198,42.846,35.381,27.12
02/12/1971 00:00,64.197,42.919,35.459,26.97
09/12/1971 00:00,63.944,43.174,35.271,26.965
16/12/1971 00:00,64.05,43.109,35.52,27.013
23/12/1971 00:00,64.194,42.912,35.38,27.178
30/12/1971 00:00,64.143,42.873,35.346,26.781
06/01/1972 00:00,64.371,43.057,35.305,27.1
13/01/1972 00:00,64.326,42.887,35.303,27.09
20/01/1972 00:00,64.164,43.003,35.327,26.972
27/01/1972 00:00,64.142,43.112,35.318,26.704
03/02/1972 00:00,64.208,42.943,35.43,26.803
10/02/1972 00:00,64.437,42.813,35.415,26.634
17/02/1972 00:00,-999,42.882,35.253,26.963
24/02/1972 00:00,-999,42.899,35.305,26.859
02/03/1972 00:00,-999,42.925,35.161,26.64
09/03/1972 00:00,64.347,42.913,35.39,26.717
16/03/1972 00:00,64.268,43.011,35.581,26.755
23/03/1972 00:00,64.241,42.659,35.488,26.712
30/03/1972 00:00,64.084,42.847,35.3,26.799
06/04/1972 00:00,64.391,42.895,35.249,26.713
13/04/1972 00:00,64.315,42.67,35.165,26.529
20/04/1972 00:00,64.075,42.66,35.352,26.764
27/04/1972 00:00,63.967,42.961,35.276,26.552
04/05/1972 00:00,64.141,42.765,35.244,26.624
11/05/1972 00:00,64.248,42.799,35.17,26.625
18/05/1972 00:00,64.273,42.773,35.224,26.659
25/05/1972 00:00,64.173,42.845,35.263,26.488
01/06/1972 00:00,64.361,42.913,35.147,26.769
08/06/1972 00:00,64.116,42.792,35.252,26.511
15/06/1972 00:00,64.28,42.901,35.379,26.642
22/06/1972 00:00,64.141,42.73,35.127,26.582
29/06/1972 00:00,64.134,42.663,35.176,26.635
06/07/1972 00:00,64.149,42.653,35.084,26.574
13/07/1972 00:00,64.031,42.663,34.894,26.534
20/07/1972 00:00,64.075,42.535,34.808,26.296
27/07/1972 00:00,64.105,42.642,35.062,26.349
03/08/1972 00:00,64.159,42.574,35.075,26.456
10/08/1972 00:00,64.083,42.547,34.866,26.542
17/08/1972 00:00,64.104,42.721,34.844,26.474
24/08/1972 00:00,63.976,42.492,34.963,26.525
31/08/1972 00:00,64.021,42.723,34.699,26.291
07/09/1972 00:00,63.797,42.705,34.798,-999
14/09/1972 00:00,63.876,42.576,34.911,-999
21/09/1972 00:00,63.915,42.577,34.886,-999
28/09/1972 00:00,63.766,42.684,34.696,26.13
05/10/1972 00:00,64.072,42.577,34.845,26.06
12/10/1972 00:00,64.044,42.315,34.827,26.331
19/10/1972 00:00,63.894,42.442,34.783,26.1
26/10/1972 00:00,63.784,42.402,35.11,26.116
02/11/1972 00:00,63.985,42.536,35.257,26.153
09/11/1972 00:00,63.738,42.474,35.339,26.754
16/11/1972 00:00,63.873,42.451,35.572,26.822
23/11/1972 00:00,63.589,42.515,35.4,26.869
30/11/1972 00:00,63.776,42.783,35.294,26.636
07/12/1972 00:00,63.75,42.889,35.401,26.635
14/12/1972 00:00,63.59,42.805,35.521,26.748
21/12/1972 00:00,63.516,42.998,35.538,26.76
28/12/1972 00:00,63.79,42.633,35.385,26.703
04/01/1973 00:00,63.827,42.839,35.676,26.473
11/01/1973 00:00,63.962,42.654,35.654,26.552
18/01/1973 00:00,64.172,42.935,35.466,26.911
25/01/1973 00:00,63.937,42.861,35.663,26.902
01/02/1973 00:00,63.934,42.625,35.329,26.839
08/02/1973 00:00,63.931,42.859,35.358,26.793
15/02/1973 00:00,63.98,42.747,35.38,26.73
22/02/1973 00:00,63.832,43.016,35.262,26.919
01/03/1973 00:00,64.021,42.613,35.194,26.533
08/03/1973 00:00,63.706,42.748,35.45,26.682
15/03/1973 00:00,63.925,42.76,35.415,26.494
22/03/1973 00:00,64.02,42.574,35.423,26.831
29/03/1973 00:00,63.843,42.802,35.256,26.556
05/04/1973 00:00,64.035,42.582,35.281,26.62
12/04/1973 00:00,63.899,42.674,35.086,26.585
19/04/1973 00:00,64.065,42.719,35.177,26.708
26/04/1973 00:00,63.982,42.692,35.317,26.555
03/05/1973 00:00,63.978,42.635,35.143,26.515
10/05/1973 00:00,64.082,42.647,35.153,26.433
17/05/1973 00:00,63.869,42.586,35.222,26.577
24/05/1973 00:00,63.955,42.562,35.061,26.369
31/05/1973 00:00,63.737,42.525,35.015,26.46
07/06/1973 00:00,64.059,42.513,35.009,26.246
14/06/1973 00:00,63.934,42.288,34.919,26.153
21/06/1973 00:00,63.86,42.254,34.733,25.995
28/06/1973 00:00,63.91,42.362,34.779,26.073
05/07/1973 00:00,-999,42.375,34.672,26.039
12/07/1973 00:00,-999,42.519,34.755,25.888
19/07/1973 00:00,-999,42.293,34.816,26.041
26/07/1973 00:00,-999,42.259,34.659,25.935
02/08/1973 00:00,-999,42.138,34.608,26.026
09/08/1973 00:00,63.691,42.217,34.62,25.72
16/08/1973 00:00,63.606,42.261,34.457,25.692
23/08/1973 00:00,63.933,42.105,34.557,25.901
30/08/1973 00:00,63.713,42.169,34.634,25.753
06/09/1973 00:00,63.648,42.113,34.554,25.673
13/09/1973 00:00,63.515,41.988,34.625,25.725
20/09/1973 00:00,63.635,42.028,34.695,25.612
27/09/1973 00:00,63.471,41.864,34.81,25.51
04/10/1973 00:00,63.643,41.885,34.789,25.463
11/10/1973 00:00,63.553,41.805,35.013,25.549
18/10/1973 00:00,63.454,42.005,34.91,25.477
25/10/1973 00:00,63.604,41.823,35.148,25.658
01/11/1973 00:00,63.709,41.657,35.121,26.108
08/11/1973 00:00,63.51,41.961,35.376,26.217
15/11/1973 00:00,63.428,41.812,35.479,26.205
22/11/1973 00:00,63.494,41.79,35.526,26.314
29/11/1973 00:00,63.556,41.797,35.614,26.349
06/12/1973 00:00,63.475,41.933,35.657,26.474
13/12/1973 00:00,63.328,42.132,35.552,26.458
20/12/1973 00:00,63.543,42.086,35.61,26.587
27/12/1973 00:00,63.57,42.327,35.597,26.64
03/01/1974 00:00,63.442,42.363,35.646,26.577
10/01/1974 00:00,63.677,42.539,35.679,26.556
17/01/1974 00:00,63.967,42.758,35.51,26.621
24/01/1974 00:00,63.912,42.684,35.615,26.688
31/01/1974 00:00,63.883,42.873,35.46,26.493
07/02/1974 00:00,64.154,42.916,35.527,26.813
14/02/1974 00:00,63.974,42.755,35.488,26.472
21/02/1974 00:00,64.195,42.912,35.474,26.551
28/02/1974 00:00,64.187,42.818,35.568,26.635
07/03/1974 00:00,64.189,42.732,35.227,26.442
14/03/1974 00:00,64.19,42.587,35.26,26.294
21/03/1974 00:00,63.958,42.856,35.189,26.176
28/03/1974 00:00,64.188,42.629,35.033,26.445
04/04/1974 00:00,63.888,42.559,35.082,26.361
11/04/1974 00:00,64.164,42.588,35.044,26.108
18/04/1974 00:00,63.888,42.464,35.152,26.312
25/04/1974 00:00,63.85,42.46,35.12,26.122
02/05/1974 00:00,63.903,42.598,34.956,26.118
09/05/1974 00:00,63.993,42.553,34.958,25.935
16/05/1974 00:00,63.816,42.386,34.769,26.187
23/05/1974 00:00,64.005,42.413,34.858,26.152
30/05/1974 00:00,63.932,42.511,34.944,25.984
06/06/1974 00:00,63.873,42.434,34.91,26.064
13/06/1974 00:00,64.073,42.448,34.833,25.883
20/06/1974 00:00,63.981,42.382,34.658,25.901
27/06/1974 00:00,64.067,42.265,34.833,25.963
04/07/1974 00:00,63.829,42.316,34.743,25.808
11/07/1974 00:00,63.935,42.358,34.769,25.731
18/07/1974 00:00,63.872,42.195,34.859,25.621
25/07/1974 00:00,63.832,42.281,34.742,25.694
01/08/1974 00:00,63.772,42.205,34.77,25.524
08/08/1974 00:00,63.75,42.296,34.673,25.721
15/08/1974 00:00,63.811,42.075,34.639,25.407
22/08/1974 00:00,63.83,42.227,34.615,25.602
29/08/1974 00:00,63.732,42.096,34.681,25.586
05/09/1974 00:00,63.64,42.104,34.895,25.493
12/09/1974 00:00,63.744,-999,35.126,25.326
19/09/1974 00:00,63.481,-999,35.054,25.383
26/09/1974 00:00,63.724,-999,35.252,25.672
03/10/1974 00:00,63.56,-999,35.247,25.599
10/10/1974 00:00,63.465,42.007,35.192,25.53
17/10/1974 00:00,63.452,41.934,35.479,25.804
24/10/1974 00:00,63.485,42.22,35.64,25.968
31/10/1974 00:00,63.717,42.123,35.413,26.263
07/11/1974 00:00,63.422,42.466,35.535,26.232
14/11/1974 00:00,63.431,42.627,35.628,26.056
21/11/1974 00:00,63.616,42.936,35.785,26.514
28/11/1974 00:00,63.428,42.828,35.63,26.528
05/12/1974 00:00,63.35,43.227,35.755,26.762
12/12/1974 00:00,63.543,43.357,35.732,26.618
19/12/1974 00:00,63.65,43.236,35.875,26.808
26/12/1974 00:00,63.911,43.403,35.869,26.738
02/01/1975 00:00,64.069,44.002,35.6,26.973
09/01/1975 00:00,64.346,43.985,35.599,27.074
16/01/1975 00:00,64.17,43.953,35.593,27.286
23/01/1975 00:00,64.186,44.004,35.698,27.14
30/01/1975 00:00,64.332,43.791,35.676,26.867
06/02/1975 00:00,64.403,43.753,35.558,27.14
13/02/1975 00:00,64.38,43.716,35.636,26.79
20/02/1975 00:00,64.57,43.912,35.534,27.003
27/02/1975 00:00,64.391,44.038,35.68,26.857
06/03/1975 00:00,64.698,43.724,35.498,26.862
13/03/1975 00:00,64.739,43.914,35.631,26.713
20/03/1975 00:00,64.436,43.789,35.676,26.994
27/03/1975 00:00,64.542,43.707,35.542,26.744
03/04/1975 00:00,64.472,43.672,35.451,26.811
10/04/1975 00:00,64.617,43.513,35.506,26.708
17/04/1975 00:00,64.477,43.716,35.428,26.896
24/04/1975 00:00,64.545,43.662,35.456,26.678
01/05/1975 00:00,64.572,43.564,35.366,26.672
08/05/1975 00:00,64.524,43.633,35.406,26.549
15/05/1975 00:00,64.508,43.771,35.245,26.547
22/05/1975 00:00,64.489,43.651,35.219,26.605
29/05/1975 00:00,64.46,43.637,35.069,26.511
05/06/1975 00:00,64.536,43.342,34.771,26.381
12/06/1975 00:00,64.357,43.077,34.958,26.393
19/06/1975 00:00,64.602,43.397,34.968,26.409
26/06/1975 00:00,64.548,43.397,34.868,26.331
03/07/1975 00:00,64.571,43.116,34.687,26.102
10/07/1975 00:00,64.34,43.245,34.736,26.382
17/07/1975 00:00,64.276,43.215,34.743,26.101
24/07/1975 00:00,64.311,43.065,34.677,26.125
31/07/1975 00:00,64.249,43.056,34.576,25.968
07/08/1975 00:00,64.118,42.952,34.646,25.971
14/08/1975 00:00,64.227,42.994,34.526,26.042
21/08/1975 00:00,64.249,42.867,34.717,25.895
28/08/1975 00:00,64.194,42.875,34.632,25.939
04/09/1975 00:00,64.16,42.835,34.713,25.817
11/09/1975 00:00,64.16,42.792,34.795,25.869
18/09/1975 00:00,64.054,42.629,34.95,25.837
25/09/1975 00:00,64.058,42.498,35.008,25.754
02/10/1975 00:00,64.186,42.847,34.917,25.677
09/10/1975 00:00,64.193,42.626,35.161,26.046
16/10/1975 00:00,63.808,42.503,34.911,25.787
23/10/1975 00:00,63.953,42.679,35.067,25.97
30/10/1975 00:00,63.815,42.486,35.154,26.112
06/11/1975 00:00,63.804,42.665,35.411,26.177
13/11/1975 00:00,63.765,42.539,35.415,26.057
20/11/1975 00:00,63.892,43.092,35.317,26.373
27/11/1975 00:00,63.92,42.844,35.236,26.307
04/12/1975 00:00,63.781,43.193,35.414,-999
11/12/1975 00:00,-999,43.339,35.748,-999
18/12/1975 00:00,-999,43.184,35.674,-999
25/12/1975 00:00,-999,43.492,35.695,-999
01/01/1976 00:00,-999,43.319,35.801,-999
08/01/1976 00:00,63.67,43.486,35.696,26.863
15/01/1976 00:00,63.67,43.347,35.546,26.805
22/01/1976 00:00,63.696,43.57,35.602,26.714
29/01/1976 00:00,63.865,43.483,35.515,26.522
05/02/1976 00:00,63.879,43.289,35.462,26.505
12/02/1976 00:00,63.81,43.204,35.442,26.455
19/02/1976 00:00,63.899,43.454,35.361,26.378
26/02/1976 00:00,64.271,43.189,35.4,26.434
04/03/1976 00:00,64.017,43.243,35.499,26.207
11/03/1976 00:00,64.172,43.249,35.299,26.443
18/03/1976 00:00,64.198,43.148,35.342,26.561
25/03/1976 00:00,64.045,43.097,35.45,26.338
01/04/1976 00:00,64.059,43.322,35.3,26.213
08/04/1976 00:00,63.744,43.183,35.389,26.409
15/04/1976 00:00,63.732,43.163,35.186,26.178
22/04/1976 00:00,63.724,43.032,35.44,26.257
29/04/1976 00:00,63.803,42.949,35.292,26.355
06/05/1976 00:00,63.779,43.001,35.346,26.23
13/05/1976 00:00,63.894,42.943,35.274,26.109
20/05/1976 00:00,63.743,42.956,35.279,26.066
27/05/1976 00:00,63.704,42.963,35.308,26.092
03/06/1976 00:00,63.818,42.942,34.966,25.937
10/06/1976 00:00,63.713,42.943,35.013,25.781
17/06/1976 00:00,63.71,42.916,35.048,25.921
24/06/1976 00:00,63.658,42.713,34.803,25.8
01/07/1976 00:00,63.555,42.776,34.832,25.908
08/07/1976 00:00,63.717,42.48,34.741,25.858
15/07/1976 00:00,63.721,42.88,34.791,25.807
22/07/1976 00:00,63.567,42.596,34.644,25.63
29/07/1976 00:00,63.776,42.589,34.51,25.757
05/08/1976 00:00,63.456,42.496,34.488,25.423
12/08/1976 00:00,63.384,42.652,34.37,25.611
19/08/1976 00:00,63.524,42.444,34.297,25.341
26/08/1976 00:00,63.694,42.185,34.295,25.422
02/09/1976 00:00,63.42,42.373,34.565,25.289
09/09/1976 00:00,63.441,42.347,34.511,25.389
16/09/1976 00:00,63.589,42.145,34.599,25.437
23/09/1976 00:00,63.26,42.124,34.522,25.376
30/09/1976 00:00,63.5,42.27,34.575,25.365
07/10/1976 00:00,63.289,42.132,34.672,25.325
14/10/1976 00:00,63.404,42.24,34.684,25.256
21/10/1976 00:00,63.219,42.035,35.007,25.301
28/10/1976 00:00,63.459,42.381,34.937,25.215
04/11/1976 00:00,63.501,42.201,35.045,25.632
11/11/1976 00:00,63.253,42.167,35.095,25.471
18/11/1976 00:00,63.442,42.24,34.967,25.625
25/11/1976 00:00,63.452,42.161,35.158,25.811
02/12/1976 00:00,63.08,42.456,35.305,25.629
09/12/1976 00:00,63.117,42.217,35.412,25.806
16/12/1976 00:00,63.057,42.238,35.502,26.138
23/12/1976 00:00,63.095,42.695,35.494,26.139
30/12/1976 00:00,63.044,42.697,35.395,26.17
06/01/1977 00:00,63.203,42.915,35.599,26.245
13/01/1977 00:00,63.328,-999,35.413,26.331
20/01/1977 00:00,63.435,-999,35.668,26.434
27/01/1977 00:00,63.44,-999,35.504,26.581
03/02/1977 00:00,63.34,-999,35.706,26.43
10/02/1977 00:00,63.391,-999,35.621,26.617
17/02/1977 00:00,63.207,43.083,35.631,26.408
24/02/1977 00:00,63.301,43.214,35.533,26.739
03/03/1977 00:00,63.456,43.273,35.466,26.892
10/03/1977 00:00,63.494,43.527,35.606,26.948
17/03/1977 00:00,63.423,43.307,35.615,26.788
24/03/1977 00:00,63.615,43.304,35.492,26.957
31/03/1977 00:00,63.584,43.521,35.661,27.195
07/04/1977 00:00,63.57,43.626,35.511,26.867
14/04/1977 00:00,63.737,43.582,35.649,26.934
21/04/1977 00:00,63.707,43.665,35.694,27.023
28/04/1977 00:00,63.723,43.574,35.433,27.155
05/05/1977 00:00,63.653,43.562,35.442,27.009
12/05/1977 00:00,63.713,43.629,35.449,26.893
19/05/1977 00:00,63.807,43.655,35.353,27.085
26/05/1977 00:00,63.717,43.493,35.407,27.095
02/06/1977 00:00,63.639,43.445,35.231,27.095
09/06/1977 00:00,63.628,43.345,35.194,26.771
16/06/1977 00:00,63.671,43.481,35.396,26.997
23/06/1977 00:00,63.566,43.456,35.368,26.798
30/06/1977 00:00,63.59,43.293,35.134,26.697
07/07/1977 00:00,63.655,43.293,35.145,26.494
14/07/1977 00:00,63.708,43.355,35.23,26.793
21/07/1977 00:00,63.592,43.204,34.967,26.468
28/07/1977 00:00,63.733,43.121,35.155,26.514
04/08/1977 00:00,63.638,43.104,35.191,26.716
11/08/1977 00:00,-999,43.133,35.036,26.434
18/08/1977 00:00,-999,42.884,34.986,26.38
25/08/1977 00:00,-999,43.02,34.969,26.225
01/09/1977 00:00,-999,42.949,35.058,26.299
08/09/1977 00:00,-999,42.858,34.932,26.32
15/09/1977 00:00,-999,43.039,35.021,26.478
22/09/1977 00:00,-999,42.82,34.94,26.129
29/09/1977 00:00,-999,42.939,35.059,26.333
06/10/1977 00:00,-999,42.75,35.171,26.289
13/10/1977 00:00,-999,42.63,35.178,26.061
20/10/1977 00:00,63.456,42.698,35.089,26.292
27/10/1977 00:00,63.538,42.808,35.113,26.306
03/11/1977 00:00,63.5,42.728,35.336,26.14
10/11/1977 00:00,63.557,42.839,35.182,26.229
17/11/1977 00:00,63.309,42.633,35.448,26.413
24/11/1977 00:00,63.32,42.682,35.498,26.223
01/12/1977 00:00,63.355,43.232,35.645,26.722
08/12/1977 00:00,63.301,43.539,35.539,27.031
15/12/1977 00:00,63.319,43.579,35.713,26.905
22/12/1977 00:00,63.31,43.373,35.506,26.897
29/12/1977 00:00,63.39,43.529,35.557,26.817
05/01/1978 00:00,63.647,43.522,35.787,26.907
12/01/1978 00:00,63.747,43.782,35.626,27.059
19/01/1978 00:00,63.794,43.861,35.897,27.319
26/01/1978 00:00,63.808,43.944,35.726,27.164
02/02/1978 00:00,63.725,43.868,35.747,27.153
09/02/1978 00:00,63.902,43.809,35.537,27.316
16/02/1978 00:00,63.682,43.828,35.6,27.476
23/02/1978 00:00,64.093,44.068,35.834,27.36
02/03/1978 00:00,63.792,43.774,35.724,27.244
09/03/1978 00:00,63.799,43.657,35.555,27.095
16/03/1978 00:00,63.957,44.046,35.498,27.175
23/03/1978 00:00,63.935,43.961,35.655,27.431
30/03/1978 00:00,63.718,43.851,35.541,27.43
06/04/1978 00:00,63.945,44.272,35.516,27.672
13/04/1978 00:00,64.106,44.032,35.562,27.441
20/04/1978 00:00,64.281,44.081,35.604,27.33
27/04/1978 00:00,64.081,43.999,35.535,27.457
04/05/1978 00:00,64.084,43.977,35.257,27.058
11/05/1978 00:00,64.06,-999,35.189,27.068
18/05/1978 00:00,64.318,-999,35.322,27.023
25/05/1978 00:00,64.059,-999,35.411,27.095
01/06/1978 00:00,63.979,-999,35.388,27.132
08/06/1978 00:00,64.166,-999,35.215,26.904
15/06/1978 00:00,64.058,-999,35.221,26.922
22/06/1978 00:00,64.037,-999,35.186,26.881
29/06/1978 00:00,64.074,-999,35.357,26.949
06/07/1978 00:00,63.951,-999,35.314,27.118
13/07/1978 00:00,64.001,43.93,35.247,27.048
20/07/1978 00:00,64.075,43.69,35.125,26.827
27/07/1978 00:00,63.984,43.719,35.171,26.897
03/08/1978 00:00,63.99,43.851,35.22,26.859
10/08/1978 00:00,63.998,43.427,35.199,26.718
17/08/1978 00:00,64.012,43.654,35.072,26.73
24/08/1978 00:00,63.974,43.423,35.104,26.602
31/08/1978 00:00,64.108,43.52,35.13,26.579
07/09/1978 00:00,63.945,43.296,35.314,26.635
14/09/1978 00:00,63.993,43.45,35.374,26.536
21/09/1978 00:00,63.797,43.465,35.341,26.753
28/09/1978 00:00,63.965,43.364,35.415,26.612
05/10/1978 00:00,64.006,43.371,35.37,26.628
12/10/1978 00:00,63.756,43.373,35.422,26.563
19/10/1978 00:00,63.625,43.311,35.568,26.965
26/10/1978 00:00,63.913,43.476,35.466,26.569
02/11/1978 00:00,63.975,43.625,35.434,26.616
09/11/1978 00:00,63.798,43.498,35.761,26.866
16/11/1978 00:00,63.615,43.39,35.506,26.773
23/11/1978 00:00,63.761,43.414,35.714,26.874
30/11/1978 00:00,63.76,43.388,35.576,27.042
07/12/1978 00:00,63.932,43.509,35.787,27.198
14/12/1978 00:00,63.917,43.477,35.783,26.81
21/12/1978 00:00,63.716,43.503,35.557,27.01
28/12/1978 00:00,63.733,43.682,35.756,27.055
04/01/1979 00:00,64.063,43.825,35.681,26.937
11/01/1979 00:00,63.707,43.913,35.611,26.93
18/01/1979 00:00,64.058,43.896,35.6,26.999
25/01/1979 00:00,63.745,43.642,35.595,26.932
01/02/1979 00:00,63.77,43.79,35.588,27.078
08/02/1979 00:00,63.709,43.873,35.518,27.142
15/02/1979 00:00,63.93,43.611,35.453,26.845
22/02/1979 00:00,63.801,43.578,35.753,26.849
01/03/1979 00:00,63.919,43.425,35.501,26.711
08/03/1979 00:00,63.718,43.756,35.704,26.997
15/03/1979 00:00,63.964,43.921,35.584,26.799
22/03/1979 00:00,63.961,43.908,35.463,27.282
29/03/1979 00:00,63.696,43.825,35.498,27.049
05/04/1979 00:00,63.921,43.891,35.572,27.224
12/04/1979 00:00,63.776,43.765,35.699,27.063
19/04/1979 00:00,63.877,43.796,35.686,27.2
26/04/1979 00:00,63.682,43.783,35.679,27.089
03/05/1979 00:00,63.649,43.973,35.69,26.934
10/05/1979 00:00,63.888,43.625,35.588,27.256
17/05/1979 00:00,63.876,43.691,35.345,27.162
24/05/1979 00:00,63.767,43.733,35.604,26.977
31/05/1979 00:00,63.818,43.697,35.428,27.145
07/06/1979 00:00,63.83,43.679,35.47,26.957
14/06/1979 00:00,63.748,43.449,35.411,26.904
21/06/1979 00:00,63.97,43.519,35.429,26.794
28/06/1979 00:00,63.791,43.44,35.288,26.643
05/07/1979 00:00,63.683,43.32,35.191,26.536
12/07/1979 00:00,63.834,43.33,35.278,26.703
19/07/1979 00:00,63.749,43.424,35.265,26.517
26/07/1979 00:00,63.986,43.337,35.461,26.559
02/08/1979 00:00,63.797,43.206,35.288,26.413
09/08/1979 00:00,63.906,43.183,35.341,26.5
16/08/1979 00:00,63.795,43.184,35.232,26.42
23/08/1979 00:00,63.682,43.05,35.309,26.486
30/08/1979 00:00,63.575,43.28,35.492,26.571
06/09/1979 00:00,63.863,43.071,35.431,26.48
13/09/1979 00:00,63.57,43.241,35.519,26.6
20/09/1979 00:00,63.715,43.006,35.346,26.513
27/09/1979 00:00,63.609,42.882,35.48,26.503
04/10/1979 00:00,63.808,42.984,35.628,26.581
11/10/1979 00:00,63.606,43.278,35.597,26.31
18/10/1979 00:00,63.813,43.19,35.567,26.717
25/10/1979 00:00,63.546,43.248,35.673,26.925
01/11/1979 00:00,63.685,43.424,35.652,27.099
08/11/1979 00:00,63.652,43.783,35.826,-999
15/11/1979 00:00,63.792,43.832,35.747,-999
22/11/1979 00:00,63.684,43.92,35.793,-999
29/11/1979 00:00,63.742,44.327,35.579,-999
06/12/1979 00:00,63.809,-999,35.588,-999
13/12/1979 00:00,63.654,-999,35.579,-999
20/12/1979 00:00,63.722,-999,35.815,-999
27/12/1979 00:00,64.044,-999,35.644,27.201
03/01/1980 00:00,64.182,-999,35.579,27.48
10/01/1980 00:00,64.108,44.484,35.667,27.646
17/01/1980 00:00,64.148,44.201,35.803,27.563
24/01/1980 00:00,64.32,44.162,35.515,27.368
31/01/1980 00:00,64.245,44.306,35.752,27.398
07/02/1980 00:00,64.165,44.261,35.532,27.165
14/02/1980 00:00,64.406,44.332,35.66,27.457
21/02/1980 00:00,64.163,44.21,35.637,27.343
28/02/1980 00:00,64.359,44.12,35.524,27.197
06/03/1980 00:00,64.433,44.099,35.487,27.163
13/03/1980 00:00,64.159,43.931,35.466,27.175
20/03/1980 00:00,64.352,43.944,35.332,27.125
27/03/1980 00:00,64.455,44.012,35.363,27.165
03/04/1980 00:00,64.166,43.853,35.331,26.896
10/04/1980 00:00,64.347,43.96,35.471,27.125
17/04/1980 00:00,64.229,43.746,35.44,26.902
24/04/1980 00:00,64.496,44.054,35.304,26.864
01/05/1980 00:00,64.291,43.897,35.332,26.933
08/05/1980 00:00,64.32,43.816,35.281,26.893
15/05/1980 00:00,64.344,43.616,35.138,26.916
22/05/1980 00:00,64.421,43.659,35.052,-999
29/05/1980 00:00,64.251,43.662,35.089,-999
05/06/1980 00:00,64.197,43.442,35.053,-999
12/06/1980 00:00,64.227,43.504,35.221,-999
19/06/1980 00:00,64.265,44.013,35.622,-999
26/06/1980 00:00,64.079,44.118,35.678,-999
03/07/1980 00:00,64.294,43.96,35.632,-999
10/07/1980 00:00,64.077,44.038,35.453,-999
17/07/1980 00:00,64.299,44.025,35.465,-999
24/07/1980 00:00,64.198,43.9,35.417,-999
31/07/1980 00:00,64.403,43.717,35.524,-999
07/08/1980 00:00,64.176,43.95,35.474,-999
14/08/1980 00:00,64.256,43.725,35.578,26.758
21/08/1980 00:00,64.256,43.929,35.518,26.661
28/08/1980 00:00,64.153,43.816,35.477,26.643
04/09/1980 00:00,64.322,44.111,35.499,26.706
11/09/1980 00:00,64.244,43.962,35.578,26.781
18/09/1980 00:00,64.39,-999,35.633,26.86
25/09/1980 00:00,64.154,-999,35.609,26.992
02/10/1980 00:00,64.374,-999,35.482,27.262
09/10/1980 00:00,64.374,-999,35.73,27.275
16/10/1980 00:00,64.23,-999,35.528,27.549
23/10/1980 00:00,64.211,-999,35.817,27.232
30/10/1980 00:00,64.217,-999,35.564,27.54
06/11/1980 00:00,64.217,-999,35.544,27.663
13/11/1980 00:00,64.314,-999,35.663,27.516
20/11/1980 00:00,64.826,-999,-999,27.696
27/11/1980 00:00,64.557,-999,-999,28.075
04/12/1980 00:00,64.607,-999,-999,27.119
11/12/1980 00:00,64.621,-999,-999,27.067
18/12/1980 00:00,64.63,-999,-999,27.383
25/12/1980 00:00,64.704,-999,-999,27.364